date,tweetcount,closelast,volume,open,high,low,sell,buy,iraneventcount,alleventcount,covidtrend,irantrend,new_cases,cumulative_cases,new_deaths,cumulative_deaths,globalnew_cases,globalcumulative_cases,global_new_deaths,global_cumulative_deaths,tweetscovidnofarsi,tweetsnofarsi,tweetsenglish,tweetscovid,iranprotest,iranmatconf,year,month,day,statadate,irneventpr,newcasepr,cumcasepr,newdeathpr,cumdeathpr
2020-01-03,449,68.599998,76623,66.290001,69.480003,66.220001,13350,13250,481,2239,0,31,0,0,0,0,0,0,0,0,0,386,175,0,0,0,2020,1,3,03jan2020,.21482804,0,0,0,0
2020-01-04,380,68.599998,76623,66.290001,69.480003,66.220001,13750,13650,324,1545,0,31,0,0,0,0,1,1,0,0,0,310,107,0,0,1,2020,1,4,04jan2020,.20970874,0,0,0,0
2020-01-05,232,68.599998,76623,66.290001,69.480003,66.220001,13950,13850,303,1473,0,100,0,0,0,0,0,1,0,0,0,201,72,0,0,0,2020,1,5,05jan2020,.20570265,0,0,0,0
2020-01-06,297,68.910004,51077,69.07,70.720001,68.190002,13950,13850,321,2360,0,100,0,0,0,0,3,4,0,0,0,231,101,0,0,0,2020,1,6,06jan2020,.13601695,0,0,0,0
2020-01-07,490,68.269997,40677,68.580002,68.739998,67.650002,14000,13900,440,2793,0,100,0,0,0,0,0,4,0,0,0,346,185,0,0,1,2020,1,7,07jan2020,.1575367,0,0,0,0
2020-01-08,542,65.440002,83539,68.470001,66.309998,65.68,14020,13920,1113,3415,0,100,0,0,0,0,0,4,0,0,0,409,228,0,0,1,2020,1,8,08jan2020,.32591507,0,0,0,0
2020-01-09,399,65.370003,49531,65.790001,66.089996,64.550003,13500,13400,624,2646,0,100,0,0,0,0,0,4,0,0,0,302,156,0,0,1,2020,1,9,09jan2020,.23582767,0,0,0,0
2020-01-10,264,64.980003,45308,65.410004,65.660004,64.860001,13500,13400,368,2641,0,100,0,0,0,0,0,4,0,0,0,205,97,0,0,0,2020,1,10,10jan2020,.13934116,0,0,0,0
2020-01-11,376,64.980003,45308,65.410004,65.660004,64.860001,13280,13180,287,1804,0,100,0,0,0,0,0,4,0,0,0,269,153,0,2,1,2020,1,11,11jan2020,.15909091,0,0,0,0
2020-01-12,517,64.980003,45308,65.410004,65.660004,64.860001,13470,13370,297,1557,0,15,0,0,0,0,41,45,1,1,0,403,271,0,4,1,2020,1,12,12jan2020,.19075145,0,0,0,0
2020-01-13,461,64.199997,34898,65.18,65.25,63.919998,13500,13400,282,2333,0,15,0,0,0,0,1,46,0,1,0,364,161,0,6,1,2020,1,13,13jan2020,.12087441,0,0,0,0
2020-01-14,479,64.489998,34006,64.220001,65.040001,63.91,13550,13450,270,2554,0,15,0,0,0,0,5,51,0,1,0,336,166,0,6,1,2020,1,14,14jan2020,.10571653,0,0,0,0
2020-01-15,458,64,33681,64.459999,64.610001,63.549999,13550,13450,181,2576,0,15,0,0,0,0,0,51,0,1,0,320,134,0,1,1,2020,1,15,15jan2020,.070263974,0,0,0,0
2020-01-16,455,64.620003,36606,64.309998,64.959999,63.919998,13570,13470,165,2682,0,15,0,0,0,0,0,51,0,1,0,302,136,0,0,0,2020,1,16,16jan2020,.061521254,0,0,0,0
2020-01-17,845,64.849998,34060,64.75,65.139999,64.489998,13570,13470,233,2296,0,15,0,0,0,0,1,52,1,2,0,470,109,0,1,0,2020,1,17,17jan2020,.10148083,0,0,0,0
2020-01-18,490,64.849998,34060,64.75,65.139999,64.489998,13500,13400,69,1341,0,15,0,0,0,0,4,56,0,2,0,403,180,0,0,1,2020,1,18,18jan2020,.051454138,0,0,0,0
2020-01-19,354,64.849998,34060,64.75,65.139999,64.489998,13500,13400,40,1329,0,6,0,0,0,0,81,137,1,3,0,271,131,0,0,1,2020,1,19,19jan2020,.030097818,0,0,0,0
2020-01-20,374,64.849998,34060,64.75,65.139999,64.489998,13550,13450,99,2038,0,6,0,0,0,0,82,219,1,4,0,334,174,0,0,1,2020,1,20,20jan2020,.048577037,0,0,0,0
2020-01-21,461,64.589996,49011,65.300003,66,64.059998,13470,13370,67,2284,0,6,0,0,0,0,93,312,2,6,0,398,215,0,0,0,2020,1,21,21jan2020,.0293345,0,0,0,0
2020-01-22,364,63.209999,34046,63.169998,63.470001,62.529999,13530,13430,96,2600,0,6,0,0,0,0,144,456,11,17,1,320,132,1,0,0,2020,1,22,22jan2020,.036923077,0,0,0,0
2020-01-23,875,62.040001,40984,62.630001,62.779999,61.25,13570,13470,79,2114,0,6,0,0,0,0,130,586,1,18,2,549,42,2,0,1,2020,1,23,23jan2020,.037369914,0,0,0,0
2020-01-24,1226,60.689999,32842,60.73,60.860001,60.619999,13570,13470,52,2195,0,6,0,0,0,0,311,897,8,26,1,1088,381,1,0,0,2020,1,24,24jan2020,.023690205,0,0,0,0
2020-01-25,503,60.689999,32842,60.73,60.860001,60.619999,13580,13480,43,1228,0,6,0,0,0,0,470,1367,16,42,8,426,229,8,0,0,2020,1,25,25jan2020,.035016287,0,0,0,0
2020-01-26,409,60.689999,32842,60.73,60.860001,60.619999,13620,13520,67,1126,0,5,0,0,0,0,694,2061,14,56,19,310,105,19,0,0,2020,1,26,26jan2020,.059502665,0,0,0,0
2020-01-27,510,59.32,37086,60.279999,60.490002,58.5,13680,13580,63,1888,0,5,0,0,0,0,799,2860,26,82,13,370,149,13,0,0,2020,1,27,27jan2020,.033368643,0,0,0,0
2020-01-28,487,59.509998,39174,58.950001,60.110001,58.5,13750,13650,49,2129,0,5,0,0,0,0,1773,4633,49,131,7,386,169,7,1,0,2020,1,28,28jan2020,.023015501,0,0,0,0
2020-01-29,505,59.810001,19776,59.669998,60.610001,59.25,13750,13650,29,2071,0,5,0,0,0,0,1493,6126,2,133,4,389,114,4,0,0,2020,1,29,29jan2020,.014002897,0,0,0,0
2020-01-30,496,58.290001,9426,59.610001,59.610001,57.73,13770,13670,49,2128,0,5,0,0,0,0,1754,7880,38,171,16,432,106,16,0,0,2020,1,30,30jan2020,.023026315,0,0,0,0
2020-01-31,378,58.16,573,59.07,59.529999,57.98,13770,13670,26,1713,0,5,0,0,0,0,2016,9896,42,213,6,301,86,6,0,0,2020,1,31,31jan2020,.01517805,0,0,0,0
2020-02-01,619,58.16,573,59.07,59.529999,57.98,13580,13480,6,1144,0,5,0,0,0,0,2112,12008,46,259,24,535,243,24,0,0,2020,2,1,01feb2020,.0052447552,0,0,0,0
2020-02-02,546,58.16,573,59.07,59.529999,57.98,13600,13500,70,1074,0,4,0,0,0,0,2609,14617,103,362,7,404,162,7,0,0,2020,2,2,02feb2020,.065176912,0,0,0,0
2020-02-03,559,54.450001,65537,55.849998,56.759998,54.07,13650,13550,72,1820,0,4,0,0,0,0,2839,17456,64,426,13,366,110,14,0,0,2020,2,3,03feb2020,.039560441,0,0,0,0
2020-02-04,484,53.959999,51878,54.150002,55.639999,53.689999,13600,13500,56,1871,0,4,0,0,0,0,3249,20705,66,492,13,386,180,13,0,0,2020,2,4,04feb2020,.029930519,0,0,0,0
2020-02-05,637,55.279999,54972,53.880001,56.470001,53.880001,13700,13600,56,1899,0,4,0,0,0,0,3929,24634,72,564,6,385,128,6,0,0,2020,2,5,05feb2020,.029489204,0,0,0,0
2020-02-06,992,54.93,49497,55.57,56.560001,54.240002,13720,13620,27,2013,0,4,0,0,0,0,3725,28359,70,634,3,715,74,3,0,1,2020,2,6,06feb2020,.013412816,0,0,0,0
2020-02-07,355,54.470001,43021,55.360001,55.470001,54.209999,13720,13620,31,2091,0,4,0,0,0,0,3204,31563,85,719,9,271,88,9,1,1,2020,2,7,07feb2020,.014825443,0,0,0,0
2020-02-08,511,54.470001,43021,55.360001,55.470001,54.209999,13800,13700,13,1247,0,4,0,0,0,0,3406,34969,87,806,11,407,230,11,0,0,2020,2,8,08feb2020,.01042502,0,0,0,0
2020-02-09,598,54.470001,43021,55.360001,55.470001,54.209999,13970,13870,10,1019,1,3,0,0,0,0,2668,37637,100,906,10,421,216,10,1,0,2020,2,9,09feb2020,.0098135425,0,0,0,0
2020-02-10,515,53.27,35455,54.240002,54.700001,53.110001,14000,13900,39,1641,1,3,0,0,0,0,3061,40698,107,1013,24,436,214,24,0,0,2020,2,10,10feb2020,.023765996,0,0,0,0
2020-02-11,611,54.009998,35703,53.349998,54.66,53.349998,14000,13900,38,2005,1,3,0,0,0,0,2485,43183,100,1113,2,503,255,2,0,0,2020,2,11,11feb2020,.018952619,0,0,0,0
2020-02-12,433,55.790001,42664,54.18,56.299999,54.18,14050,13950,37,1873,1,3,0,0,0,0,2073,45256,5,1118,4,337,85,4,0,0,2020,2,12,12feb2020,.019754404,0,0,0,0
2020-02-13,350,56.34,48127,56.34,56.830002,54.970001,13970,13870,49,1963,1,3,0,0,0,0,15202,60458,254,1372,8,280,105,8,0,1,2020,2,13,13feb2020,.024961794,0,0,0,0
2020-02-14,362,57.32,40762,56.400002,57.529999,56.16,13970,13870,37,1906,1,3,0,0,0,0,4074,64532,152,1524,5,215,47,5,0,1,2020,2,14,14feb2020,.019412382,0,0,0,0
2020-02-15,773,57.32,40762,56.400002,57.529999,56.16,14130,14030,37,1356,1,3,0,0,0,0,2726,67258,143,1667,7,469,183,7,0,0,2020,2,15,15feb2020,.027286137,0,0,0,0
2020-02-16,284,57.32,40762,56.400002,57.529999,56.16,14200,14100,66,1131,2,4,0,0,0,0,2108,69366,104,1771,7,217,101,7,0,0,2020,2,16,16feb2020,.058355439,0,0,0,0
2020-02-17,507,57.32,40762,56.400002,57.529999,56.16,14360,14260,61,1656,2,4,0,0,0,0,2160,71526,98,1869,10,380,202,10,0,1,2020,2,17,17feb2020,.036835749,0,0,0,0
2020-02-18,1104,57.75,46485,57.540001,57.82,56.290001,14400,14300,47,1974,2,4,0,0,0,0,1996,73522,139,2008,13,752,184,13,0,0,2020,2,18,18feb2020,.023809524,0,0,0,0
2020-02-19,519,59.119999,35452,57.700001,59.41,57.540001,14400,14300,47,2037,2,4,6,6,0,0,1887,75409,113,2121,9,449,208,9,0,0,2020,2,19,19feb2020,.023073146,.0031796503,.000079566096,0,0
2020-02-20,377,59.310001,32650,59.34,60.02,58.900002,14450,14350,35,2211,2,4,3,9,2,2,420,75829,127,2248,5,261,129,5,0,0,2020,2,20,20feb2020,.015829941,.0071428572,.0001186881,.015748031,.00088967971
2020-02-21,380,58.5,35606,59.16,59.27,57.740002,14450,14350,50,2012,2,4,13,22,0,2,1022,76851,0,2248,4,257,62,4,0,0,2020,2,21,21feb2020,.024850894,.012720156,.00028626824,0,.00088967971
2020-02-22,368,58.5,35606,59.16,59.27,57.740002,15520,15420,18,1300,2,4,10,32,2,4,1063,77914,209,2457,8,286,128,8,0,0,2020,2,22,22feb2020,.013846153,.0094073378,.00041070924,.0095693776,.0016280017
2020-02-23,420,58.5,35606,59.16,59.27,57.740002,15400,15300,36,1197,5,7,15,47,1,5,1035,78949,5,2462,14,312,123,15,1,1,2020,2,23,23feb2020,.030075189,.014492754,.00059532101,.2,.0020308692
2020-02-24,522,56.299999,26796,58.02,56.360001,56,15650,15550,52,2214,5,7,4,51,3,8,530,79479,158,2620,26,353,178,26,0,0,2020,2,24,24feb2020,.023486901,.0075471699,.00064167893,.018987341,.0030534351
2020-02-25,349,54.950001,25874,55.139999,55.18,54.610001,15850,15750,54,2524,5,7,48,99,4,12,830,80309,80,2700,24,265,92,24,0,1,2020,2,25,25feb2020,.021394612,.057831325,.0012327385,.050000001,.0044444446
2020-02-26,418,53.43,25129,55.080002,53.439999,53.34,15920,15820,32,2090,5,7,44,143,3,15,872,81181,64,2764,36,299,122,36,0,1,2020,2,26,26feb2020,.015311005,.050458714,.001761496,.046875,.0054269177
2020-02-27,396,52.18,7441,52.790001,53.119999,51.049999,15800,15700,27,1999,5,7,0,143,7,22,1076,82257,41,2805,53,286,91,53,0,0,2020,2,27,27feb2020,.013506753,0,.0017384539,.17073171,.0078431377
2020-02-28,158,50.52,1149,51.369999,51.490002,50.119999,15800,15700,32,2220,5,7,249,392,12,34,1392,83649,63,2868,18,140,35,18,0,0,2020,2,28,28feb2020,.014414415,.17887931,.0046862485,.19047619,.011854951
2020-02-29,340,50.52,1149,51.369999,51.490002,50.119999,15100,15000,64,1502,5,7,0,392,9,43,1726,85375,67,2935,35,303,136,35,0,1,2020,2,29,29feb2020,.042609852,0,.0045915078,.13432837,.014650767
2020-03-01,776,50.52,1149,51.369999,51.490002,50.119999,15600,15500,29,1125,9,6,205,597,0,43,1839,87214,47,2982,52,750,225,52,0,0,2020,3,1,01mar2020,.025777778,.11147363,.0068452312,0,.014419853
2020-03-02,395,51.900002,46064,49.040001,52.779999,48.380001,15480,15380,18,1873,9,6,0,597,11,54,1693,88907,66,3048,60,365,157,60,0,0,2020,3,2,02mar2020,.0096102506,0,.0067148819,.16666667,.017716536
2020-03-03,338,51.860001,41465,52.98,53.869999,51.240002,15400,15300,56,1969,9,6,908,1505,23,77,2314,91221,79,3127,40,285,133,41,0,1,2020,3,3,03mar2020,.028440833,.39239413,.016498394,.29113925,.02462424
2020-03-04,437,51.130001,39131,51.73,53.029999,51.040001,15470,15370,64,1829,9,6,1421,2926,15,92,2925,94146,91,3218,41,325,203,41,1,1,2020,3,4,04mar2020,.034991797,.48581198,.031079387,.16483517,.028589185
2020-03-05,299,49.990002,38582,51.959999,52.009998,49.700001,15350,15250,42,1963,9,6,591,3517,15,107,2401,96547,84,3302,30,211,100,30,0,0,2020,3,5,05mar2020,.021395823,.24614744,.036427855,.17857143,.032404602
2020-03-06,361,45.27,68455,50.119999,49.68,45.16,15350,15250,30,2077,9,6,1234,4751,17,124,3604,100151,103,3405,36,303,180,36,0,0,2020,3,6,06mar2020,.01444391,.34239733,.047438368,.16504854,.036417034
2020-03-07,534,45.27,68455,50.119999,49.68,45.16,15380,15280,18,855,9,6,1076,5827,21,145,3815,103966,108,3513,32,362,225,32,0,0,2020,3,7,07mar2020,.021052632,.28204456,.056047168,.19444445,.041275263
2020-03-08,330,45.27,68455,50.119999,49.68,45.16,15380,15280,14,658,32,7,743,6570,49,194,3647,107613,129,3642,30,247,130,31,0,0,2020,3,8,08mar2020,.021276595,.20372909,.061052103,.37984496,.053267434
2020-03-09,476,34.360001,75418,39.240002,39.240002,31.25,15550,15450,29,1024,32,7,595,7165,43,237,3791,111404,225,3867,37,299,157,38,0,0,2020,3,9,09mar2020,.028320313,.15695067,.064315468,.19111112,.06128782
2020-03-10,449,37.220001,66431,33.459999,38.209999,33.439999,15440,15340,21,1839,32,7,881,8046,54,291,4959,116363,207,4074,60,381,278,60,0,0,2020,3,10,10mar2020,.01141925,.17765678,.069145687,.26086956,.071428575
2020-03-11,1463,35.790001,59919,37.799999,36.099998,35.490002,15420,15320,21,952,32,7,958,9004,63,354,5201,121564,302,4376,46,1330,342,46,0,0,2020,3,11,11mar2020,.022058824,.18419534,.07406798,.20860927,.080895796
2020-03-12,320,33.220001,66611,36.130001,36.529999,32.48,15450,15350,0,0,32,7,1075,10079,75,429,7812,129376,354,4730,56,218,102,56,0,0,2020,3,12,12mar2020,0,.13760881,.077904709,.21186441,.090697676
2020-03-13,344,33.849998,49603,32.860001,35.990002,32.169998,15450,15350,0,1,32,7,1289,11368,85,514,9554,138930,367,5097,68,253,129,68,0,0,2020,3,13,13mar2020,0,.13491732,.081825383,.23160763,.10084363
2020-03-14,372,33.849998,49603,32.860001,35.990002,32.169998,15500,15400,0,2,32,7,1365,12733,94,608,10943,149873,476,5573,106,303,178,107,0,0,2020,3,14,14mar2020,0,.12473728,.084958598,.19747899,.10909744
2020-03-15,392,33.849998,49603,32.860001,35.990002,32.169998,15800,15700,0,30,67,7,1254,13987,116,724,12223,162096,449,6022,82,338,226,83,0,0,2020,3,15,15mar2020,0,.10259347,.08628837,.25835189,.12022584
2020-03-16,311,30.049999,42843,29.57,31.27,29.469999,16000,15900,8,265,67,7,1008,14995,129,853,11713,173809,723,6745,85,256,156,85,0,1,2020,3,16,16mar2020,.03018868,.086058229,.086272866,.17842324,.12646405
2020-03-17,379,28.73,32080,29.700001,31.219999,28.459999,16150,16050,41,1863,67,7,1178,16173,135,988,15865,189674,748,7493,95,339,218,95,1,0,2020,3,17,17mar2020,.022007516,.074251495,.08526735,.18048128,.1318564
2020-03-18,347,24.879999,46551,28.66,29.190001,24.51,16100,16000,39,1315,67,7,1192,17365,147,1135,16758,206432,841,8334,85,280,176,85,0,1,2020,3,18,18mar2020,.029657794,.071130209,.084119707,.17479192,.1361891
2020-03-19,283,28.469999,41004,26.440001,29.379999,24.98,16100,16000,43,1415,67,7,1046,18411,149,1284,21805,228237,1039,9373,72,209,88,72,0,0,2020,3,19,19mar2020,.030388692,.047970649,.080666147,.14340712,.13698922
2020-03-20,346,26.98,51408,28,30.93,26.790001,16100,16000,50,1322,67,7,1233,19644,149,1433,30233,258470,1229,10602,100,319,35,102,0,0,2020,3,20,20mar2020,.037821483,.040783249,.076001085,.12123678,.13516317
2020-03-21,301,26.98,51408,28,30.93,26.790001,16100,16000,43,688,67,7,966,20610,123,1556,32147,290617,1424,12026,121,258,63,121,0,0,2020,3,21,21mar2020,.0625,.03004946,.070918083,.086376406,.12938634
2020-03-22,414,26.98,51408,28,30.93,26.790001,16100,16000,28,864,87,5,1028,21638,129,1685,30670,321287,1808,13834,159,353,118,159,0,1,2020,3,22,22mar2020,.032407407,.033518095,.067347884,.071349561,.12180136
2020-03-23,583,27.030001,30457,26.5,27.52,24.68,16100,16000,19,1304,87,5,1411,23049,127,1812,32633,353920,1747,15581,142,417,144,146,0,0,2020,3,23,23mar2020,.014570552,.043238439,.065124884,.072696052,.11629549
2020-03-24,471,27.15,27959,27.639999,28.639999,26.690001,16030,15930,20,1299,87,5,1762,24811,122,1934,41823,395743,1931,17512,148,421,176,150,0,0,2020,3,24,24mar2020,.015396459,.04212993,.062694728,.063179702,.11043856
2020-03-25,241,27.389999,24748,27.6,28.280001,25.73,16000,15900,15,1299,87,5,2206,27017,143,2077,45388,441131,2432,19944,98,200,91,98,0,0,2020,3,25,25mar2020,.011547344,.048603155,.061244845,.058799341,.10414159
2020-03-26,268,26.34,24090,27.59,27.67,26.040001,16000,15900,35,1340,87,5,2389,29406,157,2234,51982,493113,2659,22603,81,210,103,82,0,0,2020,3,26,26mar2020,.026119404,.045958217,.059633389,.059044752,.098836437
2020-03-27,266,24.93,21201,26.709999,27,24.17,16000,15900,19,1113,87,5,2926,32332,144,2378,58977,552090,2937,25540,70,194,67,70,0,0,2020,3,27,27mar2020,.017070979,.049612559,.058562916,.049029622,.093108848
2020-03-28,419,24.93,21201,26.709999,27,24.17,16050,15950,2,590,87,5,3076,35408,139,2517,65460,617550,3450,28990,90,307,175,90,0,0,2020,3,28,28mar2020,.0033898305,.046990529,.057336248,.040289856,.086823039
2020-03-29,426,24.93,21201,26.709999,27,24.17,16320,16220,9,620,79,4,2901,38309,123,2640,63717,681267,3629,32619,95,278,146,95,0,1,2020,3,29,29mar2020,.014516129,.045529451,.05623199,.033893634,.080934428
2020-03-30,332,22.76,5745,24,23.059999,21.690001,16620,16520,6,1081,79,4,3186,41495,117,2757,58599,739866,3367,35986,105,278,189,106,0,0,2020,3,30,30mar2020,.0055504162,.054369528,.05608448,.034749035,.076613128
2020-03-31,271,26.35,40333,26.459999,27.91,25.700001,16620,16520,20,1231,79,4,3111,44606,141,2898,58509,798375,3712,39698,75,213,93,75,0,0,2020,3,31,31mar2020,.016246954,.053171307,.055870987,.037984915,.073001161
2020-04-01,176,24.74,41906,25.93,26.27,24.540001,16620,16520,44,1243,79,4,2987,47593,138,3036,73756,872131,4308,44006,63,161,81,63,0,0,2020,4,1,01apr2020,.03539823,.040498402,.054570932,.032033425,.068990596
2020-04-02,381,29.940001,63068,30.65,32.209999,28.030001,16600,16500,28,1246,79,4,2875,50468,124,3160,72475,944606,4801,48807,78,262,160,78,0,0,2020,4,2,02apr2020,.02247191,.039668851,.053427566,.025827952,.064744808
2020-04-03,356,34.110001,54728,29.959999,35,28.280001,16600,16500,8,1114,79,4,2715,53183,134,3294,75498,1020104,4988,53795,80,300,191,80,0,0,2020,4,3,03apr2020,.0071813287,.035961218,.052134879,.026864475,.061232455
2020-04-04,553,34.110001,54728,29.959999,35,28.280001,16500,16400,33,643,79,4,2560,55743,158,3452,77429,1097533,6702,60497,145,447,302,145,0,0,2020,4,4,04apr2020,.051321927,.033062547,.05078936,.023575053,.057060681
2020-04-05,299,34.110001,54728,29.959999,35,28.280001,16470,16370,16,584,70,3,0,55743,0,3452,81658,1179191,5726,66223,87,224,108,88,0,0,2020,4,5,05apr2020,.02739726,0,.047272239,0,.052126903
2020-04-06,607,33.049999,35676,31.25,33.32,33.02,16400,16300,24,1095,70,3,2483,58226,151,3603,69841,1249032,4845,71068,105,412,290,106,0,0,2020,4,6,06apr2020,.021917809,.035552181,.046616901,.031166151,.050697923
2020-04-07,470,31.870001,34982,33.310001,34.18,31.73,16200,16100,15,1123,70,3,2274,60500,136,3739,68266,1317298,5616,76684,112,352,246,113,0,0,2020,4,7,07apr2020,.01335708,.033310872,.045927346,.024216523,.04875854
2020-04-08,1049,32.84,36253,32.41,33.779999,32.73,16040,15940,43,1198,70,3,2089,62589,133,3872,87539,1404837,8914,85598,113,931,665,113,0,0,2020,4,8,08apr2020,.035893153,.023863649,.044552501,.01492035,.045234703
2020-04-09,597,31.48,46392,33.66,36.43,31.24,16040,15940,18,986,70,3,1997,64586,121,3993,73114,1477951,5326,90924,75,525,393,75,1,1,2020,4,9,09apr2020,.018255578,.02731351,.043699689,.022718739,.043915797
2020-04-10,565,31.48,46392,33.66,36.43,31.24,16040,15940,9,916,70,3,1634,66220,117,4110,85828,1563779,7637,98561,77,466,295,77,0,0,2020,4,10,10apr2020,.0098253274,.019038076,.042346139,.015320152,.041700065
2020-04-11,578,31.48,46392,33.66,36.43,31.24,16200,16100,9,598,70,3,1972,68192,122,4232,85802,1649581,7423,105984,129,430,295,130,0,1,2020,4,11,11apr2020,.015050167,.022983147,.041338984,.016435403,.039930556
2020-04-12,431,31.48,46392,33.66,36.43,31.24,16260,16160,16,520,57,3,1837,70029,125,4357,82572,1732153,6146,112130,100,278,162,100,0,0,2020,4,12,12apr2020,.030769231,.022247251,.040428877,.020338431,.038856685
2020-04-13,552,31.74,26185,32.439999,33.23,30.639999,16150,16050,17,973,57,3,1657,71686,117,4474,73532,1805685,5902,118032,99,445,346,100,0,0,2020,4,13,13apr2020,.017471736,.022534408,.039700169,.019823788,.037904974
2020-04-14,384,29.6,29849,32.09,32.380001,29.4,16080,15980,18,1206,57,3,1617,73303,111,4585,67658,1873343,5428,123460,86,295,167,86,0,0,2020,4,14,14apr2020,.014925373,.023899613,.039129514,.020449521,.037137534
2020-04-15,351,27.690001,29940,30.01,30.42,27.17,16020,15920,16,1286,57,3,1574,74877,98,4683,69601,1942944,5450,128910,120,280,171,120,0,1,2020,4,15,15apr2020,.01244168,.022614617,.038537908,.017981652,.036327671
2020-04-16,314,27.82,29580,28.059999,29.01,27.200001,15870,15770,15,1256,57,3,1512,76389,94,4777,74134,2017078,8008,136918,82,228,107,82,0,0,2020,4,16,16apr2020,.011942675,.020395501,.037871119,.011738262,.034889497
2020-04-17,348,28.08,34615,28.469999,29,27.6,15870,15770,37,1158,57,3,1606,77995,92,4869,80036,2097114,11448,148366,73,192,96,73,0,0,2020,4,17,17apr2020,.03195164,.020065971,.037191588,.0080363378,.03281749
2020-04-18,424,28.08,34615,28.469999,29,27.6,15660,15560,8,613,57,3,1499,79494,89,4958,80138,2177252,8082,156448,86,263,114,87,0,0,2020,4,18,18apr2020,.013050571,.018705234,.03651116,.011012126,.031691041
2020-04-19,377,28.08,34615,28.469999,29,27.6,15680,15580,35,679,49,3,1374,80868,73,5031,80907,2258159,7096,163544,97,287,126,97,0,1,2020,4,19,19apr2020,.051546391,.016982462,.035811473,.010287486,.030762363
2020-04-20,488,25.57,44255,25.469999,26.540001,25.379999,15750,15650,49,1130,49,3,1343,82211,87,5118,74035,2332194,5282,168826,132,435,220,132,0,1,2020,4,20,20apr2020,.043362834,.018140068,.0352505,.016471034,.030315235
2020-04-21,396,19.33,82076,19.129999,20.219999,18.32,16150,16050,55,1211,49,3,1294,83505,91,5209,70905,2403099,5647,174473,103,308,127,103,0,1,2020,4,21,21apr2020,.045417011,.018249771,.034748882,.016114751,.029855622
2020-04-22,396,20.370001,49471,22.129999,22.129999,19.92,16380,16280,52,1067,49,3,1297,84802,88,5297,77062,2480161,7549,182022,59,272,90,59,0,1,2020,4,22,22apr2020,.048734769,.016830605,.034192134,.011657173,.029100878
2020-04-23,429,21.33,42516,21.299999,21.92,21.68,16310,16210,77,1440,49,3,1194,85996,94,5391,74410,2554571,7084,189106,57,236,96,57,0,0,2020,4,23,23apr2020,.053472221,.01604623,.033663578,.01326934,.028507821
2020-04-24,375,21.440001,30443,21.790001,22.67,20.51,16310,16210,29,1034,49,3,1030,87026,90,5481,78536,2633107,5865,194971,77,274,137,77,0,0,2020,4,24,24apr2020,.028046422,.013115005,.03305069,.015345269,.028111873
2020-04-25,475,21.440001,30443,21.790001,22.67,20.51,16200,16100,21,410,49,3,1168,88194,93,5574,100549,2733656,6912,201883,91,408,234,91,0,0,2020,4,25,25apr2020,.051219512,.011616227,.032262288,.013454861,.027610051
2020-04-26,412,21.440001,30443,21.790001,22.67,20.51,16030,15930,6,674,45,3,1134,89328,76,5650,78146,2811802,5755,207638,86,299,119,86,0,0,2020,4,26,26apr2020,.0089020776,.014511299,.031768952,.013205908,.027210819
2020-04-27,466,19.99,23204,21.299999,21.91,19.110001,15950,15850,24,1499,45,3,1153,90481,60,5710,80227,2892029,5037,212675,68,344,190,68,0,0,2020,4,27,27apr2020,.016010674,.01437172,.03128634,.011911852,.026848478
2020-04-28,459,20.459999,19364,20.17,21.27,18.73,16150,16050,26,1190,45,3,991,91472,96,5806,71012,2963041,4695,217370,87,341,145,87,0,0,2020,4,28,28apr2020,.02184874,.013955388,.030870987,.020447284,.026710218
2020-04-29,352,22.540001,9500,20.75,22.959999,22.76,16270,16170,25,1327,45,3,1112,92584,71,5877,69341,3032382,5697,223067,69,269,128,69,0,0,2020,4,29,29apr2020,.018839488,.016036687,.030531773,.0124627,.026346345
2020-04-30,435,25.27,1196,23.110001,25.33,25.27,16140,16040,10,1286,45,3,1073,93657,80,5957,76033,3108415,6386,229453,77,290,124,79,0,0,2020,4,30,30apr2020,.0077760499,.014112294,.030130146,.012527403,.025961744
2020-05-01,350,26.440001,27764,26.719999,27.950001,25.75,16140,16040,23,893,45,3,983,94640,71,6028,81270,3189685,6275,235728,53,235,88,53,0,0,2020,5,1,01may2020,.025755879,.012095484,.029670641,.011314741,.025571845
2020-05-02,477,26.440001,27764,26.719999,27.950001,25.75,16100,16000,19,644,45,3,1006,95646,63,6091,87673,3277358,5945,241673,72,382,224,72,0,0,2020,5,2,02may2020,.029503105,.011474457,.029183874,.010597141,.025203478
2020-05-03,516,26.440001,27764,26.719999,27.950001,25.75,16130,16030,14,721,45,3,802,96448,65,6156,85284,3362642,5828,247501,62,361,233,62,0,0,2020,5,3,03may2020,.019417476,.0094038742,.02868221,.011153054,.024872627
2020-05-04,352,27.200001,29677,26.209999,28.08,25.48,16200,16100,8,1211,45,3,976,97424,47,6203,81662,3444304,4588,252089,56,273,95,56,0,0,2020,5,4,04may2020,.0066061108,.011951704,.028285541,.010244115,.02460639
2020-05-05,447,30.969999,35516,27.940001,31.690001,27.799999,16180,16080,31,1134,45,3,1223,98647,74,6277,80351,3524655,4621,256710,54,337,177,54,0,0,2020,5,5,05may2020,.02733686,.015220719,.027987704,.01601385,.024451716
2020-05-06,333,29.719999,35719,31.879999,32.490002,28.67,16300,16200,13,665,45,3,1323,99970,63,6340,73087,3597742,4714,261424,50,222,61,51,0,0,2020,5,6,06may2020,.019548872,.018101715,.027786873,.013364446,.024251791
2020-05-07,474,29.459999,35008,30.120001,31.84,29.07,16350,16250,1,336,45,3,1680,101650,78,6418,81533,3679275,6482,267906,59,332,129,61,0,0,2020,5,7,07may2020,.0029761905,.020605154,.027627725,.012033323,.023956163
2020-05-08,280,30.969999,19796,29.43,31.129999,29.4,16350,16250,5,399,45,3,1485,103135,68,6486,87442,3766717,5984,273890,25,177,61,25,0,0,2020,5,8,08may2020,.012531328,.016982686,.027380608,.011363637,.023681039
2020-05-09,410,30.969999,19796,29.43,31.129999,29.4,16500,16400,15,729,45,3,1556,104691,55,6541,94161,3860878,6135,280025,67,311,165,67,0,0,2020,5,9,09may2020,.020576132,.016524889,.027115854,.0089649549,.023358628
2020-05-10,566,30.969999,19796,29.43,31.129999,29.4,16570,16470,11,572,45,3,1529,106220,48,6589,86006,3946884,4902,284927,68,477,210,69,0,0,2020,5,10,10may2020,.01923077,.01777783,.026912369,.0097919218,.023125222
2020-05-11,1122,29.629999,31967,30.68,31.450001,29.360001,16880,16780,26,1160,45,3,1383,107603,51,6640,87545,4034429,4972,289899,188,1024,402,188,0,1,2020,5,11,11may2020,.022413794,.015797589,.026671184,.010257442,.022904528
2020-05-12,1348,29.98,25656,30.07,30.379999,29.450001,17020,16920,17,1392,45,3,1683,109286,45,6685,76297,4110726,3968,293867,227,1230,351,227,0,1,2020,5,12,12may2020,.012212643,.022058534,.026585571,.011340726,.022748386
2020-05-13,1451,29.190001,24577,29.469999,30.540001,28.870001,17150,17050,27,1453,45,3,1481,110767,48,6733,76642,4187368,4721,298588,415,1326,255,417,0,1,2020,5,13,13may2020,.018582243,.019323608,.026452655,.010167337,.022549465
2020-05-14,1909,31.129999,25312,29.389999,31.49,28.9,16920,16820,20,1331,45,3,1958,112725,50,6783,82844,4270212,5314,303902,78,1803,397,81,0,1,2020,5,14,14may2020,.015026296,.023634784,.026397986,.0094091082,.022319695
2020-05-15,1929,32.5,28197,31.35,32.900002,30.959999,16920,16820,12,1157,45,3,1808,114533,71,6854,89110,4359322,5377,309279,82,1749,704,88,0,0,2020,5,15,15may2020,.010371651,.020289529,.026273122,.013204389,.022161219
2020-05-16,1724,32.5,28197,31.35,32.900002,30.959999,17250,17150,10,676,45,3,2102,116635,48,6902,94160,4453482,5333,314612,154,1590,732,159,0,1,2020,5,16,16may2020,.0147929,.022323705,.02618962,.0090005621,.021938134
2020-05-17,1380,32.5,28197,31.35,32.900002,30.959999,17570,17470,34,681,41,3,1757,118392,35,6937,93556,4547038,5135,319747,98,1314,555,99,0,0,2020,5,17,17may2020,.049926579,.018780196,.02603717,.006815969,.021695279
2020-05-18,1603,34.810001,27502,32.709999,35.720001,32.709999,17550,17450,27,1390,41,3,1806,120198,51,6988,101906,4648944,4389,324136,71,1498,495,72,0,0,2020,5,18,18may2020,.019424461,.017722216,.025854904,.011619959,.021558851
2020-05-19,1810,34.650002,23247,35.439999,35.860001,34.200001,17730,17630,29,1442,41,3,2294,122492,69,7057,73911,4722855,3375,327511,65,1710,777,66,0,1,2020,5,19,19may2020,.020110957,.031037329,.025936007,.020444445,.021547368
2020-05-20,2075,35.75,24653,34.43,36.400002,35.16,17900,17800,30,1359,41,3,2111,124603,62,7119,92963,4815818,4317,331828,68,1941,838,68,0,1,2020,5,20,20may2020,.022075055,.02270796,.025873695,.014361826,.021453885
2020-05-21,2221,36.060001,25476,35.799999,36.98,35.709999,17750,17650,26,1220,41,3,2346,126949,64,7183,105145,4920963,5180,337008,56,2116,513,56,0,1,2020,5,21,21may2020,.021311475,.022312045,.025797592,.012355212,.021314034
2020-05-22,2559,35.130001,29314,35.939999,36.23,33.549999,17750,17650,22,1165,41,3,2392,129341,66,7249,103060,5024023,4929,341937,71,2475,819,71,0,0,2020,5,22,22may2020,.018884121,.02320978,.025744507,.01339014,.021199811
2020-05-23,1451,35.130001,29314,35.939999,36.23,33.549999,17730,17630,19,714,41,3,2311,131652,51,7300,102065,5126088,5041,346978,61,1312,405,61,0,0,2020,5,23,23may2020,.026610645,.022642434,.025682744,.01011704,.021038799
2020-05-24,1579,35.130001,29314,35.939999,36.23,33.549999,17730,17630,18,651,36,3,1869,133521,59,7359,104296,5230384,5417,352395,56,1516,447,56,0,1,2020,5,24,24may2020,.02764977,.017920149,.025527954,.010891638,.020882817
2020-05-25,2480,35.130001,29314,35.939999,36.23,33.549999,17730,17630,15,989,36,3,2180,135701,58,7417,102240,5332624,4197,356592,118,2345,887,119,0,0,2020,5,25,25may2020,.015166835,.021322379,.025447322,.013819395,.020799682
2020-05-26,515,36.169998,25232,35.669998,36.68,34.459999,17580,17480,14,1325,36,3,2023,137724,34,7451,88667,5421291,3513,360105,49,471,329,49,0,0,2020,5,26,26may2020,.010566038,.022815704,.025404282,.0096783377,.020691188
2020-05-27,402,34.740002,15476,36.099998,36.18,34,17400,17300,47,1367,36,3,1787,139511,57,7508,91788,5513079,3838,363943,22,317,152,23,0,1,2020,5,27,27may2020,.034381859,.019468775,.025305459,.014851485,.020629603
2020-05-28,737,35.290001,6477,34.34,35.889999,33.389999,17600,17500,26,1252,36,3,2080,141591,56,7564,97175,5610254,4800,368743,26,685,530,26,0,1,2020,5,28,28may2020,.020766772,.021404682,.025237896,.011666667,.020512931
2020-05-29,823,35.330002,334,35.029999,35.360001,34.18,17600,17500,18,1370,36,3,2258,143849,63,7627,108503,5718757,5327,374070,66,798,583,66,0,0,2020,5,29,29may2020,.013138686,.020810485,.025153892,.011826544,.020389233
2020-05-30,610,35.330002,334,35.029999,35.360001,34.18,17670,17570,9,647,36,3,2819,146668,50,7677,116510,5835267,5231,379301,30,555,322,30,0,1,2020,5,30,30may2020,.013910355,.024195349,.025134753,.009558402,.020239862
2020-05-31,486,35.330002,334,35.029999,35.360001,34.18,17600,17500,19,720,36,3,2282,148950,57,7734,113274,5948541,4669,383970,12,409,201,15,0,0,2020,5,31,31may2020,.026388889,.020145841,.025039753,.012208181,.020142199
2020-06-01,755,38.32,25728,37.540001,38.68,37.169998,17740,17640,20,1137,36,3,2516,151466,63,7797,128157,6076698,4349,388319,65,644,484,66,0,0,2020,6,1,01jun2020,.01759015,.01963217,.024925709,.014486088,.020078853
2020-06-02,606,39.57,27325,38.48,39.790001,38.34,17750,17650,28,1467,36,3,2979,154445,81,7878,113217,6189915,3462,391781,22,461,258,22,0,0,2020,6,2,02jun2020,.019086571,.026312303,.024951069,.023396881,.020108173
2020-06-03,1276,39.790001,32814,39.52,40.529999,38.75,17750,17650,14,1261,36,3,3117,157562,64,7942,91821,6281736,3875,395656,57,1139,859,58,0,0,2020,6,3,03jun2020,.0111023,.033946484,.025082557,.016516129,.020072993
2020-06-04,1037,39.990002,21847,39.380001,40.099998,39.060001,17750,17650,58,1401,36,3,3134,160696,70,8012,128141,6409877,5300,400956,20,919,718,20,0,0,2020,6,4,04jun2020,.041399002,.024457434,.02507006,.013207547,.019982243
2020-06-05,462,42.299999,27833,39.93,42.48,39.720001,17750,17650,52,1451,36,3,3574,164270,59,8071,118773,6528650,5623,406579,16,345,174,18,0,0,2020,6,5,05jun2020,.035837352,.030091014,.025161404,.01049262,.019851001
2020-06-06,596,42.299999,27833,39.93,42.48,39.720001,17750,17650,27,798,36,3,2886,167156,63,8134,127853,6656503,5815,412394,24,460,192,24,0,0,2020,6,6,06jun2020,.033834588,.022572799,.025111685,.010834049,.019723857
2020-06-07,674,42.299999,27833,39.93,42.48,39.720001,17720,17620,19,811,41,2,2269,169425,75,8209,136312,6792815,5067,417461,25,576,224,25,2,0,2020,6,7,07jun2020,.023427866,.016645636,.024941795,.014801658,.019664112
2020-06-08,604,40.799999,27714,42.41,43.43,40.68,17650,17550,29,1363,41,2,2364,171789,72,8281,131401,6924216,3986,421447,23,495,332,23,0,0,2020,6,8,08jun2020,.021276595,.017990731,.024809884,.018063221,.019648971
2020-06-09,639,41.18,25330,40.950001,41.43,39.849998,17840,17740,44,1538,41,2,2043,173832,70,8351,109055,7033271,3991,425438,26,584,439,26,0,0,2020,6,9,09jun2020,.028608583,.018733667,.024715669,.017539464,.019629182
2020-06-10,544,41.73,22826,40.869999,41.990002,40.130001,18030,17930,39,1517,41,2,2095,175927,74,8425,105789,7139060,4275,429713,32,443,263,34,0,0,2020,6,10,10jun2020,.025708636,.019803571,.024642881,.017309941,.01960611
2020-06-11,869,38.549999,35513,41.310001,38.919998,37.830002,18030,17930,33,1379,41,2,2011,177938,81,8506,129355,7268415,5374,435087,30,739,409,30,0,0,2020,6,11,11jun2020,.023930384,.015546365,.024480991,.015072572,.019550113
2020-06-12,1131,38.73,27754,38.380001,39.439999,37,18030,17930,37,1410,41,2,2238,180176,78,8584,138279,7406694,5342,440429,22,1002,720,23,0,0,2020,6,12,12jun2020,.026241135,.016184671,.024326103,.014601273,.019490087
2020-06-13,793,38.73,27754,38.380001,39.439999,37,17960,17860,34,982,41,2,2369,182545,75,8659,140576,7547270,5421,445850,37,680,337,37,0,0,2020,6,13,13jun2020,.034623217,.016852094,.024186891,.013835086,.01942133
2020-06-14,555,38.73,27754,38.380001,39.439999,37,18200,18100,22,890,45,2,2410,184955,71,8730,137453,7684723,4627,450477,15,391,223,15,0,0,2020,6,14,14jun2020,.0247191,.017533265,.024067881,.015344716,.019379457
2020-06-15,752,39.720001,29251,38.689999,39.880001,37.240002,18350,18250,41,1599,45,2,2472,187427,107,8837,131791,7816514,4392,454869,22,620,453,23,0,0,2020,6,15,15jun2020,.025641026,.018756971,.023978336,.024362477,.019427571
2020-06-16,734,40.959999,30469,39.77,41.66,38.970001,18630,18530,76,1772,45,2,2449,189876,113,8950,118804,7935318,3738,458607,49,517,269,49,0,0,2020,6,16,16jun2020,.04288939,.020613784,.023927964,.03023007,.019515621
2020-06-17,529,40.709999,27916,40.709999,41.450001,40.029999,18630,18530,20,1765,45,2,2563,192439,115,9065,121110,8056428,5843,464450,22,346,170,23,0,0,2020,6,17,17jun2020,.011331445,.021162579,.023886392,.01968167,.019517709
2020-06-18,1544,41.509998,27616,40.580002,41.639999,40.049999,18820,18720,46,1933,45,2,2612,195051,120,9185,183670,8240098,5571,470021,28,1394,326,28,0,0,2020,6,18,18jun2020,.023797207,.014221158,.023670956,.021540118,.019541681
2020-06-19,1315,42.189999,32728,41.419998,42.93,41.009998,18820,18720,31,1619,45,2,2596,197647,87,9272,142827,8382925,5478,475499,29,1161,1000,29,0,0,2020,6,19,19jun2020,.019147621,.018175835,.023577331,.015881708,.019499516
2020-06-20,829,42.189999,32728,41.419998,42.93,41.009998,19340,19240,15,867,45,2,2615,200262,120,9392,145796,8528721,5443,480942,102,629,425,103,0,1,2020,6,20,20jun2020,.017301038,.017936021,.023480894,.022046665,.019528342
2020-06-21,688,42.189999,32728,41.419998,42.93,41.009998,19630,19530,27,658,41,3,2322,202584,115,9507,180789,8709510,5046,485988,37,514,333,38,0,0,2020,6,21,21jun2020,.041033436,.012843702,.023260092,.02279033,.019562211
2020-06-22,1396,43.080002,23634,41.549999,43.169998,41.509998,19840,19740,52,1489,41,3,2368,204952,116,9623,154645,8864155,4534,490522,48,1136,913,48,0,1,2020,6,22,22jun2020,.034922767,.01531249,.023121437,.025584472,.019617876
2020-06-23,717,42.630001,25464,43.169998,43.93,42.209999,20150,20050,39,1667,41,3,2573,207525,119,9742,132912,8997067,4319,494841,42,570,359,42,1,1,2020,6,23,23jun2020,.02339532,.019358674,.02306585,.027552674,.019687131
2020-06-24,920,40.310001,27324,42.330002,42.889999,39.619999,19650,19550,51,1476,41,3,2445,209970,121,9863,135389,9132456,4356,499197,42,738,499,42,0,1,2020,6,24,24jun2020,.034552846,.018059075,.022991624,.027777778,.019757731
2020-06-25,749,41.049999,27368,40.43,41.639999,39.470001,19200,19100,40,1310,41,3,2531,212501,133,9996,169716,9302172,5657,504854,37,578,332,37,0,0,2020,6,25,25jun2020,.030534351,.014913149,.022844234,.023510695,.019799784
2020-06-26,728,41.02,11661,41.470001,41.779999,40.290001,19200,19100,38,1380,41,3,2595,215096,134,10130,179967,9482139,5486,510340,35,532,307,37,0,0,2020,6,26,26jun2020,.027536232,.01441931,.022684334,.024425812,.019849513
2020-06-27,1002,41.02,11661,41.470001,41.779999,40.290001,20000,19900,15,653,41,3,2628,217724,109,10239,179529,9661668,7134,517474,61,834,600,61,0,0,2020,6,27,27jun2020,.022970904,.014638304,.022534825,.015278946,.019786501
2020-06-28,769,41.02,11661,41.470001,41.779999,40.290001,20250,20150,12,576,39,3,2456,220180,125,10364,192508,9854176,4945,522419,43,609,389,43,0,0,2020,6,28,28jun2020,.020833334,.012757911,.022343827,.025278058,.019838482
2020-06-29,636,41.709999,6664,40.310001,41.939999,40.060001,20230,20130,43,1354,39,3,2489,222669,144,10508,179316,10033492,4563,526982,37,535,337,37,0,1,2020,6,29,29jun2020,.031757753,.013880524,.022192573,.031558186,.019939961
2020-06-30,752,41.150002,683,41.25,41.259998,41.09,20600,20500,55,1543,39,3,2536,225205,162,10670,171253,10204745,4402,531384,42,604,410,42,0,1,2020,6,30,30jun2020,.035644848,.014808499,.022068655,.036801454,.020079641
2020-07-01,812,42.029999,26437,41.959999,42.169998,41.82,20550,20450,75,1369,39,3,2457,227662,147,10817,156921,10361666,4489,535873,47,688,486,47,0,0,2020,7,1,01jul2020,.054784514,.015657561,.021971563,.032746714,.020185754
2020-07-02,692,43.139999,21131,42.02,43.220001,41.75,20820,20720,22,1360,39,3,2549,230211,141,10958,178616,10540282,5166,541039,23,542,300,24,0,0,2020,7,2,02jul2020,.016176471,.014270838,.021841066,.027293844,.020253623
2020-07-03,326,43.139999,21131,42.02,43.220001,41.75,20820,20720,35,1364,39,3,2652,232863,148,11106,206687,10746969,5403,546442,19,250,103,19,0,0,2020,7,3,03jul2020,.025659824,.012830996,.021667784,.02739219,.020324206
2020-07-04,1224,43.139999,21131,42.02,43.220001,41.75,21550,21450,28,623,39,3,2566,235429,154,11260,212936,10959905,5436,551878,77,1098,748,77,0,0,2020,7,4,04jul2020,.044943821,.012050569,.021480935,.028329654,.020403059
2020-07-05,622,43.139999,21131,42.02,43.220001,41.75,22350,22250,17,593,38,3,2449,237878,148,11408,210650,11170555,5628,557506,33,488,309,33,0,0,2020,7,5,05jul2020,.028667791,.011625919,.021295093,.026297087,.02046256
2020-07-06,855,43.099998,9946,42.75,43.709999,42.75,21800,21700,12,1208,38,3,2560,240438,163,11571,196421,11366976,4741,562247,64,732,513,65,0,0,2020,7,6,06jul2020,.0099337753,.01303323,.021152327,.034380931,.020579923
2020-07-07,617,43.080002,18215,43.150002,43.450001,42.459999,22120,22020,24,1343,38,3,2613,243051,160,11731,170902,11537878,3913,566160,56,573,345,56,0,0,2020,7,7,07jul2020,.017870439,.015289464,.021065485,.040889341,.020720292
2020-07-08,600,43.290001,18646,42.959999,43.459999,42.779999,22600,22500,21,1586,38,3,2637,245688,200,11931,176865,11714743,4638,570798,71,488,230,72,0,0,2020,7,8,08jul2020,.013240857,.014909677,.020972548,.043122035,.020902315
2020-07-09,678,42.349998,22614,43.380001,43.5,41.93,22400,22300,11,1444,38,3,2691,248379,153,12084,209312,11924055,5938,576736,68,586,324,69,0,0,2020,7,9,09jul2020,.0076177283,.012856406,.020830078,.025766252,.020952394
2020-07-10,497,43.240002,23554,42.400002,43.41,41.32,22400,22300,11,1251,38,3,2079,250458,221,12305,229557,12153612,5956,582692,70,409,230,70,0,0,2020,7,10,10jul2020,.0087929657,.0090565737,.020607701,.037105441,.021117503
2020-07-11,931,43.240002,23554,42.400002,43.41,41.32,22700,22600,13,710,38,3,2262,252720,142,12447,220791,12374403,5734,588426,59,833,438,59,0,0,2020,7,11,11jul2020,.01830986,.010244983,.020422803,.024764562,.021153042
2020-07-12,956,43.240002,23554,42.400002,43.41,41.32,22750,22650,11,609,41,3,2397,255117,188,12635,235858,12610261,5634,594060,85,881,431,85,0,0,2020,7,12,12jul2020,.018062398,.010162895,.020230906,.033368833,.021268895
2020-07-13,1132,42.720001,22131,43.110001,43.330002,42.189999,23550,23450,14,1441,41,3,2186,257303,194,12829,215535,12825796,5330,599390,91,989,482,92,0,1,2020,7,13,13jul2020,.0097154751,.010142204,.020061366,.036397748,.021403426
2020-07-14,1083,42.900002,21126,42.810001,43.09,42.73,23700,23600,38,1464,41,3,2349,259652,203,13032,195652,13021448,4405,603795,50,966,379,50,0,1,2020,7,14,14jul2020,.025956284,.012006011,.019940332,.046083994,.021583484
2020-07-15,1294,43.790001,23042,43.150002,43.84,42.700001,23950,23850,30,1490,41,3,2521,262173,179,13211,191772,13213220,4788,608583,87,1231,504,87,0,0,2020,7,15,15jul2020,.020134227,.013145819,.019841719,.037385128,.021707803
2020-07-16,1443,43.369999,19425,43.639999,43.810001,43.139999,24250,24150,78,1716,41,3,2388,264561,199,13410,226892,13440112,6160,614743,85,1269,548,86,5,1,2020,7,16,16jul2020,.045454547,.010524831,.019684434,.032305196,.021813994
2020-07-17,2216,43.139999,18132,43.34,43.459999,42.630001,24250,24150,37,1371,41,3,2500,267061,198,13608,242249,13682361,6201,620944,49,2164,600,49,5,1,2020,7,17,17jul2020,.026987601,.01031996,.019518634,.031930335,.02191502
2020-07-18,1644,43.139999,18132,43.34,43.459999,42.630001,25500,25400,33,618,41,3,2379,269440,183,13791,249414,13931775,7308,628252,75,1558,773,76,1,1,2020,7,18,18jul2020,.053398058,.0095383581,.019339962,.025041051,.021951383
2020-07-19,1620,43.139999,18132,43.34,43.459999,42.630001,24850,24750,88,644,40,3,2166,271606,188,13979,245992,14177767,6232,634484,57,1475,481,57,2,1,2020,7,19,19jul2020,.13664596,.0088051641,.019157177,.030166881,.022032076
2020-07-20,1629,43.279999,9989,43.09,43.43,42.369999,22850,22750,64,1369,40,3,2182,273788,209,14188,230467,14408234,5362,639846,63,1541,547,63,0,1,2020,7,20,20jul2020,.046749454,.0094677331,.01900219,.038977992,.022174086
2020-07-21,1412,44.32,21970,43.18,44.880001,43.119999,22500,22400,169,1587,40,3,2414,276202,217,14405,208396,14616630,4724,644570,56,1294,449,56,0,0,2020,7,21,21jul2020,.10649023,.011583716,.018896421,.045935649,.022348233
2020-07-22,1734,44.290001,18937,43.900002,44.400002,43.619999,21700,21600,49,1513,40,3,2625,278827,229,14634,205805,14822435,4921,649491,72,1620,628,72,0,0,2020,7,22,22jul2020,.032385986,.012754792,.018811148,.046535257,.022531491
2020-07-23,1305,43.310001,23096,44.349998,44.77,43.130001,22000,21900,67,1547,40,3,2586,281413,219,14853,249946,15072381,7592,657083,55,1218,434,55,0,0,2020,7,23,23jul2020,.043309633,.010346235,.018670773,.028846154,.022604451
2020-07-24,853,43.34,10777,43.360001,43.900002,42.799999,22000,21900,43,1618,40,3,2621,284034,221,15074,285753,15358134,6461,663544,41,780,318,41,0,0,2020,7,24,24jul2020,.02657602,.009172257,.018494043,.034205232,.022717409
2020-07-25,1559,43.34,10777,43.360001,43.900002,42.799999,23350,23250,14,661,40,3,2489,286523,215,15289,284426,15642560,6665,670209,63,1505,524,63,0,0,2020,7,25,25jul2020,.02118003,.0087509584,.018316887,.032258064,.022812286
2020-07-26,1733,43.34,10777,43.360001,43.900002,42.799999,23000,22900,41,754,40,3,2316,288839,195,15484,275517,15918077,6467,676676,72,1603,528,72,0,0,2020,7,26,26jul2020,.054376658,.0084060151,.018145345,.030153085,.022882443
2020-07-27,1380,43.41,10952,43.400002,43.77,42.380001,23400,23300,25,1405,40,3,2333,291172,216,15700,256312,16174389,5983,682659,53,1303,404,53,0,0,2020,7,27,27jul2020,.017793594,.0091021881,.018002041,.036102291,.022998305
2020-07-28,578,43.220001,83,43.619999,43.310001,43.130001,23500,23400,26,1540,40,3,2434,293606,212,15912,219513,16393902,4926,687585,42,494,243,42,0,1,2020,7,28,28jul2020,.016883116,.011088181,.017909463,.043036945,.023141867
2020-07-29,904,43.75,69,43.299999,43.810001,43.740002,23500,23400,16,1192,40,3,2667,296273,235,16147,225217,16619119,5103,692688,79,865,289,79,0,0,2020,7,29,29jul2020,.013422819,.011841913,.017827239,.046051342,.023310639
2020-07-30,1164,42.939999,2247,43.799999,43.82,41.380001,23550,23450,21,1404,40,3,2636,298909,196,16343,261802,16880921,6515,699203,59,1119,393,59,0,0,2020,7,30,30jul2020,.014957265,.010068678,.017706914,.03008442,.023373755
2020-07-31,2216,43.299999,237,43.32,43.52,43.07,23550,23450,38,1231,40,3,2621,301530,226,16569,297422,17178343,7003,706206,61,2148,455,61,0,1,2020,7,31,31jul2020,.030869212,.0088123949,.017552916,.032271884,.023461992
2020-08-01,924,43.299999,237,43.32,43.52,43.07,23400,23300,35,816,40,3,2674,304204,197,16766,300744,17479087,6679,712885,69,828,466,69,0,1,2020,8,1,01aug2020,.042892158,.0088912826,.017403884,.029495433,.023518519
2020-08-02,836,43.299999,237,43.32,43.52,43.07,23320,23220,36,624,100,3,2548,306752,216,16982,281115,17760202,6652,719537,77,738,431,78,0,1,2020,8,2,02aug2020,.057692308,.009063906,.017271876,.032471437,.023601288
2020-08-03,871,44.150002,26437,43.549999,44.450001,42.889999,23300,23200,5,1062,100,3,2685,309437,208,17190,263202,18023404,6079,725616,66,802,334,67,0,0,2020,8,3,03aug2020,.0047080978,.01020129,.017168621,.034216154,.023690216
2020-08-04,736,44.43,13942,43.91,44.82,43.240002,23300,23200,32,1393,100,3,2598,312035,215,17405,226899,18250303,4811,730427,59,668,393,59,0,0,2020,8,4,04aug2020,.022972003,.011450028,.017097523,.044689253,.023828527
2020-08-05,1250,45.169998,2350,44.400002,45.360001,45.02,23620,23520,27,1561,100,3,2751,314786,212,17617,214642,18464945,5467,735894,50,1182,512,50,0,1,2020,8,5,05aug2020,.017296605,.01281669,.017047763,.038778123,.023939589
2020-08-06,588,45.09,1254,45.240002,45.32,44.98,23700,23600,27,1487,100,3,2697,317483,185,17802,271992,18736937,6847,742741,46,497,264,46,0,0,2020,8,6,06aug2020,.018157363,.0099157328,.016944231,.027019132,.023967978
2020-08-07,1753,44.400002,10675,45.119999,45.25,44.259998,23700,23600,22,1539,100,3,2634,320117,174,17976,287114,19024051,7195,749936,54,1588,940,54,0,0,2020,8,7,07aug2020,.014294997,.0091740564,.016826963,.024183461,.023970045
2020-08-08,584,44.400002,10675,45.119999,45.25,44.259998,23700,23600,25,840,100,3,2450,322567,156,18132,286402,19310453,6849,756785,44,530,315,44,0,1,2020,8,8,08aug2020,.029761905,.0085544093,.016704269,.022777047,.023959249
2020-08-09,823,44.400002,10675,45.119999,45.25,44.259998,21550,21450,29,914,35,3,2125,324692,132,18264,289182,19599635,6885,763670,82,761,467,82,0,0,2020,8,9,09aug2020,.031728666,.0073483135,.016566226,.019172113,.02391609
2020-08-10,802,44.990002,7180,44.610001,45.259998,44.400002,22000,21900,47,1675,35,3,2020,326712,163,18427,267937,19867572,6085,769755,70,745,524,70,0,1,2020,8,10,10aug2020,.028059702,.0075390856,.016444486,.026787182,.023938786
2020-08-11,1471,44.5,10079,44.990002,45.779999,44.41,22200,22100,32,1793,35,3,2132,328844,189,18616,224576,20092148,4921,774676,64,1360,463,65,0,1,2020,8,11,11aug2020,.017847184,.009493445,.016366791,.038406827,.024030691
2020-08-12,1277,45.43,7356,44.580002,45.619999,44.509998,22250,22150,47,1598,35,3,2345,331189,184,18800,227909,20320057,5517,780193,43,1129,330,43,0,1,2020,8,12,12aug2020,.029411765,.010289194,.016298626,.033351459,.024096603
2020-08-13,1401,44.959999,1201,45.43,45.110001,44.860001,22500,22400,22,1794,35,3,2510,333699,188,18988,292132,20612189,7219,787412,65,1232,414,66,0,0,2020,8,13,13aug2020,.0122631,.0085920068,.016189402,.026042389,.024114441
2020-08-14,1431,44.799999,16242,45.049999,45.419998,44.48,22500,22400,58,1680,35,3,2625,336324,174,19162,292707,20904896,6915,794327,46,1306,305,46,0,1,2020,8,14,14aug2020,.034523811,.0089680124,.016088288,.025162689,.024123566
2020-08-15,1840,44.799999,16242,45.049999,45.419998,44.48,22050,21950,69,909,35,3,2501,338825,169,19331,301480,21206376,6673,801000,57,1775,649,57,0,1,2020,8,15,15aug2020,.075907588,.0082957409,.015977506,.025325941,.024133584
2020-08-16,1657,44.799999,16242,45.049999,45.419998,44.48,22550,22450,40,960,31,3,2245,341070,161,19492,286005,21492381,6644,807644,78,1570,570,78,0,0,2020,8,16,16aug2020,.041666668,.0078495136,.015869344,.024232389,.024134396
2020-08-17,3061,45.369999,18063,44.959999,45.419998,44.5,23200,23100,30,1700,31,3,2133,343203,147,19639,262791,21755172,5625,813269,85,2933,1014,86,0,0,2020,8,17,17aug2020,.01764706,.0081167165,.015775697,.026133334,.024148222
2020-08-18,1435,45.459999,16452,45.380001,45.540001,44.77,22850,22750,20,1806,31,3,2247,345450,165,19804,224659,21979831,4863,818132,49,1299,443,49,0,0,2020,8,18,18aug2020,.011074197,.010001825,.015716681,.033929672,.024206363
2020-08-19,1360,45.369999,3395,45.040001,45.490002,45,22850,22750,24,1740,31,3,2385,347835,168,19972,224862,22204693,5079,823211,44,1293,485,44,0,0,2020,8,19,19aug2020,.013793103,.010606505,.015664931,.033077378,.024261095
2020-08-20,739,44.900002,196,45.27,44.950001,44.869999,23170,23070,64,1773,31,3,2444,350279,153,20125,280371,22485064,6935,830146,29,550,296,29,0,1,2020,8,20,20aug2020,.036097012,.008717021,.015578297,.022062004,.024242723
2020-08-21,543,44.349998,11262,44.91,45.119999,43.599998,23170,23070,28,1273,31,3,2279,352558,139,20264,283832,22768896,6926,837072,28,408,194,28,0,0,2020,8,21,21aug2020,.021995287,.0080293976,.015484194,.020069305,.024208192
2020-08-22,1481,44.349998,11262,44.91,45.119999,43.599998,23050,22950,54,820,31,3,2206,354764,112,20376,279408,23048304,6179,843251,26,1313,511,26,0,0,2020,8,22,22aug2020,.065853655,.0078952638,.015392195,.01812591,.024163624
2020-08-23,1162,44.349998,11262,44.91,45.119999,43.599998,23000,22900,32,742,28,2,2028,356792,126,20502,264691,23312995,6100,849351,42,1030,390,43,0,0,2020,8,23,23aug2020,.043126684,.007661764,.015304426,.020655738,.02413843
2020-08-24,1268,45.130001,8849,44.419998,45.169998,44.279999,23120,23020,51,1916,28,2,2113,358905,141,20643,266097,23579092,5569,854920,44,1096,484,44,0,1,2020,8,24,24aug2020,.026617954,.0079407133,.015221324,.025318729,.024146119
2020-08-25,917,45.860001,8995,44.990002,46.040001,44.990002,23450,23350,63,1855,28,2,2245,361150,133,20776,225179,23804271,4626,859546,53,731,499,53,0,1,2020,8,25,25aug2020,.033962265,.0099698463,.015171647,.028750541,.0241709
2020-08-26,677,45.639999,14949,45.98,46.09,45.549999,23550,23450,63,1813,28,2,2213,363363,125,20901,229058,24033329,5155,864701,34,579,364,34,0,1,2020,8,26,26aug2020,.034749035,.0096613085,.015119129,.024248302,.024171362
2020-08-27,934,45.09,1732,45.619999,45.82,44.560001,23450,23350,23,1578,28,2,2243,365606,119,21020,284599,24317928,6683,871384,40,830,378,40,0,0,2020,8,27,27aug2020,.014575412,.0078812642,.015034422,.017806374,.024122545
2020-08-28,772,45.810001,20728,45.560001,45.91,45.34,23450,23350,9,1587,28,2,2190,367796,117,21137,283461,24601389,6375,877759,28,689,270,28,0,1,2020,8,28,28aug2020,.0056710774,.0077259308,.014950213,.018352941,.024080642
2020-08-29,649,45.810001,20728,45.560001,45.91,45.34,23450,23350,8,656,28,2,2115,369911,112,21249,289280,24890669,6030,883789,33,527,227,33,0,0,2020,8,29,29aug2020,.012195121,.0073112557,.014861433,.018573798,.024043068
2020-08-30,2493,45.810001,20728,45.560001,45.91,45.34,23450,23350,9,909,29,2,1905,371816,110,21359,291423,25182092,5783,889572,39,2307,461,39,0,0,2020,8,30,30aug2020,.0099009899,.0065368898,.014765096,.019021269,.024010424
2020-08-31,1432,45.279999,9734,45.709999,46.509998,45.220001,23870,23770,27,1765,29,2,1754,373570,103,21462,277765,25459857,5706,895278,68,1288,781,68,0,0,2020,8,31,31aug2020,.01529745,.0063146907,.014672902,.018051174,.023972442
2020-09-01,1574,45.580002,19319,45.57,46.220001,45.470001,24350,24250,40,1784,29,2,1642,375212,109,21571,225348,25685205,4207,899485,49,1417,680,49,0,0,2020,9,1,01sep2020,.022421524,.0072865081,.014608098,.025909198,.0239815
2020-09-02,890,44.43,3716,45.849998,44.759998,44.200001,24500,24400,25,1825,29,2,1682,376894,101,21672,269401,25954606,4751,904236,50,766,501,51,1,1,2020,9,2,02sep2020,.01369863,.0062434808,.014521276,.021258682,.023967195
2020-09-03,690,44.07,30093,44.369999,44.610001,43.16,24250,24150,37,1690,29,2,1858,378752,125,21797,295173,26249779,6676,910912,67,622,368,67,0,1,2020,9,3,03sep2020,.021893492,.0062946137,.014428769,.018723786,.023928765
2020-09-04,561,42.66,31984,43.869999,43.560001,42.299999,24250,24150,21,1698,29,2,1994,380746,129,21926,294557,26544336,6056,916968,27,487,256,27,0,0,2020,9,4,04sep2020,.012367492,.0067694876,.014343776,.021301189,.023911413
2020-09-05,727,42.66,31984,43.869999,43.560001,42.299999,24650,24550,22,792,29,2,2026,382772,118,22044,298474,26842810,6132,923100,63,674,450,63,0,0,2020,9,5,05sep2020,.027777778,.0067878608,.014259759,.019243313,.023880403
2020-09-06,951,42.66,31984,43.869999,43.560001,42.299999,24700,24600,0,75,30,3,1894,384666,110,22154,321852,27164662,5733,928833,36,854,620,36,0,0,2020,9,6,06sep2020,0,.0058846925,.01416053,.019187162,.023851436
2020-09-07,677,42.66,31984,43.869999,43.560001,42.299999,24820,24720,33,1273,30,3,1992,386658,139,22293,274601,27439263,8842,937675,55,589,338,55,0,0,2020,9,7,07sep2020,.025923017,.0072541614,.014091413,.015720425,.023774762
2020-09-08,896,39.779999,51439,42.220001,42.450001,39.299999,25350,25250,62,1975,30,3,2152,388810,117,22410,235324,27674587,6049,943724,47,833,451,47,0,1,2020,9,8,08sep2020,.031392407,.0091448389,.014049351,.019342041,.023746349
2020-09-09,853,40.790001,29656,39.799999,41.200001,39.279999,25730,25630,63,1723,30,3,2302,391112,132,22542,241176,27915763,4317,948041,75,789,531,75,0,1,2020,9,9,09sep2020,.036564134,.0095448969,.014010436,.03057679,.023777453
2020-09-10,571,40.060001,23542,40.639999,40.950001,39.720001,25700,25600,20,1845,30,3,2313,393425,127,22669,272234,28187997,5175,953216,42,478,265,42,0,1,2020,9,10,10sep2020,.010840109,.0084963674,.013957182,.024541063,.023781598
2020-09-11,853,39.830002,174,39.950001,39.959999,39.73,25700,25600,24,2013,30,3,2063,395488,129,22798,300413,28488410,6298,959514,31,752,312,31,0,0,2020,9,11,11sep2020,.011922504,.0068672127,.013882417,.020482693,.023759944
2020-09-12,1352,39.830002,174,39.950001,39.959999,39.73,26300,26200,24,1065,30,3,2313,397801,115,22913,304545,28792955,6044,965558,50,1242,460,50,0,1,2020,9,12,12sep2020,.02253521,.0075949365,.013815914,.019027134,.023730319
2020-09-13,1673,39.830002,174,39.950001,39.959999,39.73,26900,26800,21,981,46,2,2139,399940,116,23029,324462,29117417,5705,971263,91,1495,718,91,0,1,2020,9,13,13sep2020,.021406727,.0065924516,.013735422,.020333041,.023710364
2020-09-14,1074,39.610001,21703,39.77,40.09,39.310001,26270,26170,40,1834,46,2,2089,402029,128,23157,296932,29414349,5064,976327,50,955,307,50,0,1,2020,9,14,14sep2020,.02181025,.0070352806,.013667785,.025276462,.023718487
2020-09-15,704,40.529999,237,39.66,40.73,40.509998,26870,26770,33,1894,46,2,2619,404648,156,23313,257359,29671708,4607,980934,28,624,321,28,0,0,2020,9,15,15sep2020,.017423442,.010176446,.013637503,.033861514,.023766125
2020-09-16,1351,42.220001,521,40.75,42.439999,42.220001,26900,26800,31,1948,46,2,2705,407353,140,23453,269946,29941654,4816,985750,57,1280,666,57,0,0,2020,9,16,16sep2020,.015913758,.010020522,.013604893,.029069768,.023792036
2020-09-17,2229,43.299999,15583,42.259998,43.509998,41.52,26950,26850,27,1813,46,2,2981,410334,179,23632,314099,30255753,6058,991808,63,2166,614,63,0,0,2020,9,17,17sep2020,.014892443,.009490638,.013562181,.029547706,.023827191
2020-09-18,743,43.150002,25486,43.259998,43.220001,42.689999,26950,26850,13,1654,46,2,2815,413149,176,23808,320118,30575871,6128,997936,38,565,317,38,0,0,2020,9,18,18sep2020,.0078597339,.0087936325,.013512257,.028720627,.023857241
2020-09-19,726,43.150002,25486,43.259998,43.220001,42.689999,26780,26680,34,857,46,2,3049,416198,144,23952,309384,30885255,5538,1003474,35,632,377,35,0,1,2020,9,19,19sep2020,.03967328,.0098550664,.013475621,.026002167,.023869079
2020-09-20,1298,43.150002,25486,43.259998,43.220001,42.689999,27300,27200,34,821,28,2,2845,419043,166,24118,333892,31219147,5785,1009259,42,1167,559,42,0,0,2020,9,20,20sep2020,.041412912,.0085207196,.013422628,.0286949,.023896741
2020-09-21,1015,41.439999,219,43.02,41.82,41.630001,27250,27150,61,1422,28,2,3097,422140,183,24301,296730,31515877,4976,1014235,42,892,588,42,0,0,2020,9,21,21sep2020,.042897329,.010437097,.013394519,.036776528,.023959931
2020-09-22,1208,41.720001,19199,41.790001,42.189999,41.209999,27550,27450,62,1827,28,2,3341,425481,177,24478,254872,31770749,4094,1018329,55,1143,651,55,0,0,2020,9,22,22sep2020,.033935413,.01310854,.013392224,.043234002,.024037419
2020-09-23,1403,41.77,22741,41.740002,42.610001,41.400002,28150,28050,41,1842,28,2,3712,429193,178,24656,272848,32043597,4838,1023167,52,1324,518,52,0,0,2020,9,23,23sep2020,.022258414,.013604645,.013394034,.036792062,.024097728
2020-09-24,1569,41.939999,21,41.5,41.799999,41.759998,28750,28650,102,1687,28,2,3605,432798,184,24840,323621,32367218,6015,1029182,41,1505,484,41,0,0,2020,9,24,24sep2020,.060462359,.011139574,.013371492,.030590191,.024135673
2020-09-25,1013,41.919998,869,41.93,42.009998,41.689999,28750,28650,44,1523,28,2,3521,436319,175,25015,312369,32679587,6239,1035421,16,956,391,16,0,0,2020,9,25,25sep2020,.028890347,.011271926,.013351424,.028049367,.024159255
2020-09-26,1155,41.919998,869,41.93,42.009998,41.689999,28850,28750,45,775,28,2,3563,439882,207,25222,312125,32991712,5921,1041342,25,1085,501,25,0,0,2020,9,26,26sep2020,.058064517,.011415298,.013333106,.034960311,.02422067
2020-09-27,1001,41.919998,869,41.93,42.009998,41.689999,29200,29100,17,1102,26,3,3204,443086,172,25394,324021,33315733,5663,1047005,34,917,647,34,0,0,2020,9,27,27sep2020,.015426497,.0098882476,.013299602,.030372594,.024253944
2020-09-28,1261,42.43,9946,41.849998,42.619999,41.48,29550,29450,7,682,26,3,3362,446448,195,25589,290899,33606632,5229,1052234,40,1105,514,40,0,0,2020,9,28,28sep2020,.01026393,.011557275,.013284521,.037292026,.024318736
2020-09-29,1211,41.029999,1486,42.43,42.52,40.439999,29480,29380,1,4,26,3,3512,449960,190,25779,257508,33864140,4109,1056343,36,1122,509,36,0,0,2020,9,29,29sep2020,.25,.013638412,.013287212,.046239961,.024404004
2020-09-30,629,40.950001,517,40.75,40.970001,40.950001,29800,29700,4,8,26,3,3677,453637,207,25986,283694,34147834,4654,1060997,15,591,425,15,0,0,2020,9,30,30sep2020,.5,.012961148,.013284503,.044477869,.024492057
2020-10-01,599,40.93,34234,42.02,42.560001,39.919998,30000,29900,0,16,26,3,3582,457219,183,26169,325513,34473347,6154,1067151,11,557,360,11,0,0,2020,10,1,01oct2020,0,.011004169,.013262971,.029736757,.024522303
2020-10-02,378,39.27,200,40.790001,39.240002,39.049999,30000,29900,1,13,26,3,3825,461044,211,26380,330638,34803985,6168,1073319,51,306,225,52,0,0,2020,10,2,02oct2020,.07692308,.011568544,.013246874,.034208819,.024577968
2020-10-03,725,39.27,200,40.790001,39.240002,39.049999,29450,29350,0,9,26,3,3552,464596,187,26567,320457,35124442,8683,1082002,77,659,510,77,0,0,2020,10,3,03oct2020,0,.01108417,.013227142,.021536335,.02455356
2020-10-04,657,39.27,200,40.790001,39.240002,39.049999,28600,28500,1,32,21,3,3523,468119,179,26746,338261,35462703,5477,1087479,38,587,518,38,0,0,2020,10,4,04oct2020,.03125,.010415034,.013200319,.032682125,.024594499
2020-10-05,253,41.290001,29029,39.220001,41.779999,39.209999,29400,29300,21,1048,21,3,3653,471772,211,26957,307020,35769723,4744,1092223,8,228,192,8,0,0,2020,10,5,05oct2020,.020038167,.011898248,.013189144,.044477236,.024680857
2020-10-06,661,42.650002,674,41.52,42.349998,41.900002,29650,29550,29,1843,21,3,3902,475674,235,27192,274207,36043930,4441,1096664,14,637,548,14,0,0,2020,10,6,06oct2020,.015735215,.014230126,.013197063,.052916009,.024795197
2020-10-07,310,41.990002,1009,41.939999,42.18,41.919998,29750,29650,40,1988,21,3,4151,479825,227,27419,309286,36353216,4736,1101400,24,270,194,24,0,1,2020,10,7,07oct2020,.020120725,.013421235,.01319897,.047930744,.024894679
2020-10-08,1105,43.34,13763,42.060001,43.470001,41.860001,29750,29650,35,1740,21,3,4019,483844,239,27658,370853,36724069,5688,1107088,24,988,374,24,0,1,2020,10,8,08oct2020,.020114943,.010837178,.01317512,.042018283,.024982657
2020-10-09,410,42.849998,25076,43.41,43.560001,42.610001,29750,29650,25,1559,21,3,4392,488236,230,27888,359531,37083600,6356,1113444,11,370,313,11,0,0,2020,10,9,09oct2020,.01603592,.012215914,.01316582,.036186282,.025046611
2020-10-10,1052,42.849998,25076,43.41,43.560001,42.610001,30950,30850,17,1061,21,3,4142,492378,210,28098,386591,37470191,8595,1122039,98,1005,940,100,0,0,2020,10,10,10oct2020,.016022621,.010714166,.013140526,.02443281,.02504191
2020-10-11,1209,42.849998,25076,43.41,43.560001,42.610001,30950,30850,21,905,20,2,3875,496253,195,28293,382299,37852490,5917,1127956,16,1188,1135,17,0,0,2020,10,11,11oct2020,.02320442,.010136046,.013110181,.032955889,.025083425
2020-10-12,607,41.720001,120,42.689999,41.82,41.669998,31700,31600,27,1868,20,2,3822,500075,251,28544,337863,38190353,4711,1132667,9,563,528,11,0,1,2020,10,12,12oct2020,.014453962,.011312277,.013094275,.05327956,.025200699
2020-10-13,290,42.450001,136,41.830002,42.509998,42.400002,31750,31650,21,1831,20,2,4206,504281,272,28816,318745,38509098,4453,1137120,20,217,178,20,0,0,2020,10,13,13oct2020,.011469143,.013195501,.013095113,.061082415,.025341213
2020-10-14,717,43.32,375,42.419998,43.43,43.279999,31850,31750,16,1958,20,2,4108,508389,254,29070,339851,38848949,4592,1141712,95,651,623,96,0,0,2020,10,14,14oct2020,.008171604,.012087651,.0130863,.055313587,.025461763
2020-10-15,515,43.16,38997,43.41,43.23,43.139999,32200,32100,15,1989,20,2,4830,513219,279,29349,375813,39224762,5466,1147178,12,473,448,12,0,1,2020,10,15,15oct2020,.0075414781,.012852137,.013084057,.05104281,.025583649
2020-10-16,422,42.93,4615,43.040001,43.080002,42.790001,32200,32100,5,1934,20,2,4616,517835,256,29605,392260,39617022,6085,1153263,11,384,363,11,0,0,2020,10,16,16oct2020,.0025853154,.011767705,.013071023,.042070664,.02567064
2020-10-17,36,42.93,4615,43.040001,43.080002,42.790001,32200,32100,7,1005,20,2,4552,522387,265,29870,401681,40018703,6269,1159532,4,36,33,4,0,0,2020,10,17,17oct2020,.0069651743,.011332376,.013053572,.042271495,.025760394
2020-10-18,22,42.93,4615,43.040001,43.080002,42.790001,31500,31400,49,1173,21,3,4103,526490,253,30123,434107,40452810,6264,1165796,2,21,15,2,0,0,2020,10,18,18oct2020,.04177323,.0094515868,.013014918,.040389527,.025838997
2020-10-19,23,42.619999,13901,42.740002,43.220001,42.369999,30450,30350,44,1898,21,3,3890,530380,252,30375,380771,40833581,4979,1170775,1,22,18,1,0,0,2020,10,19,19oct2020,.023182297,.010216114,.012988819,.050612573,.025944354
2020-10-20,29,43.16,187,42.43,43,42.669998,27500,27400,28,1921,21,3,4251,534631,337,30712,360124,41193705,4488,1175263,9,29,28,9,0,1,2020,10,20,20oct2020,.014575742,.011804268,.012978463,.075089127,.026132023
2020-10-21,1,41.73,29817,42.82,43.040001,41.459999,29500,29400,26,1987,21,3,5039,539670,322,31034,429979,41623684,5613,1180876,0,1,0,0,0,0,2020,10,21,21oct2020,.013085053,.011719177,.012965455,.057366826,.026280491
2020-10-22,10,42.459999,27628,41.720001,42.790001,41.470001,29800,29700,55,1882,21,3,5616,545286,312,31346,482524,42106208,6684,1187560,0,10,0,0,0,0,2020,10,22,22oct2020,.02922423,.0116388,.012950252,.046678636,.026395299
2020-10-23,4,41.77,1964,42.439999,41.93,41.610001,29800,29700,31,1900,21,3,5471,550757,304,31650,468818,42575026,6683,1194243,0,4,0,0,1,1,2020,10,23,23oct2020,.01631579,.011669774,.012936152,.045488551,.026502144
2020-10-24,0,41.77,1964,42.439999,41.93,41.610001,29150,29050,7,897,21,3,6134,556891,335,31985,466656,43041682,6836,1201079,0,0,0,0,0,0,2020,10,24,24oct2020,.0078037903,.013144586,.012938412,.049005266,.026630221
2020-10-25,6,41.77,1964,42.439999,41.93,41.610001,29150,29050,14,986,21,2,5814,562705,335,32320,521101,43562783,6363,1207442,0,6,0,0,0,1,2020,10,25,25oct2020,.014198783,.011157146,.012917104,.052648123,.026767332
2020-10-26,3,40.459999,14413,41.630001,41.630001,40.220001,28150,28050,15,1863,21,2,6191,568896,296,32616,459119,44021902,5593,1213035,0,3,0,0,0,0,2020,10,26,26oct2020,.0080515295,.013484522,.012923022,.052923296,.026887929
2020-10-27,7,41.200001,11302,40.52,41.470001,40.400002,28750,28650,55,2086,21,2,5960,574856,337,32953,419724,44441626,5277,1218312,0,7,1,0,0,0,2020,10,27,27oct2020,.026366251,.014199807,.012935081,.063862041,.027048079
2020-10-28,53,39.119999,19846,40.709999,39.310001,38.740002,28150,28050,31,1736,21,2,6968,581824,346,33299,495507,44937133,6387,1224699,0,52,0,0,0,0,2020,10,28,28oct2020,.017857144,.014062365,.012947511,.054172538,.027189538
2020-10-29,13,37.650002,140,39.32,37.84,37.560001,28100,28000,34,1700,21,2,6824,588648,415,33714,537593,45474726,7368,1232067,0,13,2,0,0,0,2020,10,29,29oct2020,.02,.012693617,.012944509,.056324646,.027363772
2020-10-30,4,37.459999,103,37.619999,37.490002,37.32,28100,28000,24,1322,21,2,8293,596941,399,34113,531275,46006001,7452,1239519,0,4,0,0,0,0,2020,10,30,30oct2020,.018154312,.015609618,.012975286,.053542674,.027521159
2020-10-31,24,37.459999,103,37.619999,37.490002,37.32,26800,26700,23,903,21,2,8011,604952,365,34478,520377,46526378,7707,1247226,1,23,0,1,0,0,2020,10,31,31oct2020,.025470654,.015394608,.013002344,.047359545,.027643748
2020-11-01,37,37.459999,103,37.619999,37.490002,37.32,28300,28200,6,933,19,2,7820,612772,386,34864,563087,47089465,7313,1254539,1,37,1,1,0,0,2020,11,1,01nov2020,.0064308681,.013887729,.013012932,.052782714,.027790288
2020-11-02,33,38.970001,1044,37.419998,39.34,39.099998,29100,29000,20,1448,19,2,7719,620491,434,35298,484731,47574196,6417,1260956,1,31,2,1,0,0,2020,11,2,02nov2020,.013812155,.015924295,.013042595,.067632847,.027993046
2020-11-03,496,39.709999,268,39.220001,40.220001,39.860001,29100,29000,34,1545,19,2,8289,628780,440,35738,512455,48086651,6061,1267017,2,487,61,2,0,0,2020,11,3,03nov2020,.022006473,.016175078,.013075978,.072595283,.02820641
2020-11-04,14,41.23,177,40.150002,41.25,41.040001,29300,29200,34,1546,19,2,8932,637712,422,36160,517388,48604039,7842,1274859,0,14,6,0,0,0,2020,11,4,04nov2020,.021992238,.01726364,.013120555,.053812802,.028363921
2020-11-05,27,40.93,30612,41.169998,40.75,40.630001,27400,27300,42,1270,19,2,8452,646164,419,36579,562193,49166232,8781,1283640,0,27,3,0,0,0,2020,11,5,05nov2020,.033070866,.015033983,.013142435,.047716662,.028496308
2020-11-06,9,39.450001,32655,40.77,40.779999,39.330002,27400,27300,16,1375,19,2,8772,654936,406,36985,562816,49729048,9287,1292927,0,8,0,0,0,0,2020,11,6,06nov2020,.011636363,.015585911,.01317009,.043717023,.028605636
2020-11-07,49,39.450001,32655,40.77,40.779999,39.330002,25300,25200,26,922,19,2,8864,663800,424,37409,574474,50303522,9420,1302347,0,49,0,0,0,0,2020,11,7,07nov2020,.028199567,.015429767,.013195895,.045010615,.028724296
2020-11-08,21,39.450001,32655,40.77,40.779999,39.330002,25850,25750,13,1091,21,3,9450,673250,423,37832,562018,50865540,8174,1310521,0,21,1,0,0,0,2020,11,8,08nov2020,.011915674,.016814409,.013235876,.051749449,.028867908
2020-11-09,9,42.400002,262,39.700001,42.360001,41.98,26800,26700,6,1660,21,3,9236,682486,459,38291,534332,51399872,7021,1317542,0,7,0,0,0,0,2020,11,9,09nov2020,.0036144578,.017285133,.013277971,.065375306,.029062452
2020-11-10,0,43.610001,41318,42.130001,44.07,43.540001,27700,27600,35,2012,21,3,10463,692949,458,38749,450174,51850046,7118,1324660,0,0,0,0,0,1,2020,11,10,10nov2020,.017395627,.023242123,.013364482,.064343914,.029252034
2020-11-11,25,43.799999,2624,43.959999,44.32,43.650002,27600,27500,15,1766,21,3,10339,703288,453,39202,553449,52403495,9316,1333976,1,24,0,1,0,0,2020,11,11,11nov2020,.0084937708,.018681034,.013420631,.048626021,.029387336
2020-11-12,12,43.529999,36004,43.779999,44.48,43.279999,27200,27100,23,1450,21,3,11780,715068,462,39664,603360,53006855,10051,1344027,0,12,0,0,0,1,2020,11,12,12nov2020,.015862068,.019523999,.013490104,.045965575,.029511312
2020-11-13,22,42.779999,33729,43.330002,43.34,42.630001,27200,27100,9,1499,21,3,11517,726585,457,40121,636403,53643258,9322,1353349,0,22,0,0,0,0,2020,11,13,13nov2020,.0060040029,.018097023,.013544759,.049023814,.029645717
2020-11-14,36,42.779999,33729,43.330002,43.34,42.630001,27100,27000,21,727,21,3,11737,738322,461,40582,616810,54260068,10711,1364060,0,36,4,0,0,0,2020,11,14,14nov2020,.028885832,.01902855,.013607097,.043039866,.029750891
2020-11-15,16,42.779999,33729,43.330002,43.34,42.630001,26050,25950,13,828,22,3,11203,749525,452,41034,625489,54885557,8953,1373013,2,16,0,2,0,0,2020,11,15,15nov2020,.015700484,.017910786,.013656143,.050485872,.029886097
2020-11-16,10,43.82,232,42.73,44.009998,43.84,26500,26400,7,1340,22,3,12543,762068,459,41493,546913,55432470,8785,1381798,0,10,0,0,0,0,2020,11,16,16nov2020,.0052238805,.022934178,.013747683,.05224815,.030028267
2020-11-17,15,43.75,13303,43.900002,44.23,43.080002,26350,26250,27,1717,22,3,13053,775121,486,41979,489260,55921730,7723,1389521,0,15,0,0,0,0,2020,11,17,17nov2020,.015725102,.026679067,.01386082,.062928915,.03021113
2020-11-18,21,44.34,27952,43.779999,44.299999,44.130001,26100,26000,23,2092,22,3,13352,788473,482,42461,550460,56472190,9908,1399429,0,21,0,0,0,0,2020,11,18,18nov2020,.010994264,.024256077,.013962147,.048647556,.030341661
2020-11-19,9,44.200001,25080,44.16,44.419998,44.189999,26000,25900,12,1731,22,3,13421,801894,480,42941,616918,57089108,10712,1410141,0,8,0,0,0,0,2020,11,19,19nov2020,.006932409,.021754917,.014046357,.044809561,.030451564
2020-11-20,6,44.959999,314,44.220001,45.169998,45.009998,26000,25900,15,1534,22,3,13223,815117,476,43417,620805,57709913,10883,1421024,0,6,0,0,0,0,2020,11,20,20nov2020,.0097783571,.021299765,.014124384,.04373794,.030553319
2020-11-21,21,44.959999,314,44.220001,45.169998,45.009998,26050,25950,30,1027,22,3,13260,828377,479,43896,631068,58340981,11907,1432931,0,21,1,0,0,0,2020,11,21,21nov2020,.029211296,.021011999,.014198887,.040228438,.030633716
2020-11-22,6,44.959999,314,44.220001,45.169998,45.009998,25950,25850,20,843,20,3,12931,841308,431,44327,634888,58975869,9972,1442903,0,6,0,0,0,0,2020,11,22,22nov2020,.023724793,.020367373,.014265292,.043221019,.030720707
2020-11-23,85,46.060001,29627,45.130001,45.900002,45.77,26000,25900,30,1463,20,3,13053,854361,475,44802,552976,59528845,8471,1451374,0,85,15,0,0,1,2020,11,23,23nov2020,.02050581,.023605002,.014352051,.056073662,.030868681
2020-11-24,105,47.860001,233,45.84,47.93,47.720001,25350,25250,28,1669,20,3,12460,866821,453,45255,493723,60022568,8567,1459941,2,105,18,2,0,0,2020,11,24,24nov2020,.016776513,.025236823,.014441585,.052877318,.030997828
2020-11-25,767,48.610001,10311,47.860001,49.049999,47.599998,25100,25000,42,1363,20,3,13721,880542,483,45738,566693,60589261,10588,1470529,0,767,122,0,0,0,2020,11,25,25nov2020,.030814379,.024212405,.014532971,.045617681,.031103093
2020-11-26,73,48.610001,10311,47.860001,49.049999,47.599998,24850,24750,15,1475,20,3,13843,894385,469,46207,602696,61191957,11848,1482377,0,73,12,0,0,0,2020,11,26,26nov2020,.010169491,.022968462,.014616054,.039584741,.031170882
2020-11-27,81,48.18,11298,48.900002,49.07,47.360001,24850,24750,57,1462,20,3,13961,908346,482,46689,659693,61851650,12071,1494448,0,79,11,0,0,1,2020,11,27,27nov2020,.038987689,.021162875,.014685881,.039930411,.031241635
2020-11-28,27,48.18,11298,48.900002,49.07,47.360001,24850,24750,99,1043,20,3,14051,922397,406,47095,597949,62449599,11488,1505936,0,27,2,0,0,1,2020,11,28,28nov2020,.094918504,.02349866,.014770263,.035341226,.031272911
2020-11-29,32,48.18,11298,48.900002,49.07,47.360001,25250,25150,69,838,19,3,13402,935799,391,47486,608043,63057642,9984,1515920,1,32,0,1,0,0,2020,11,29,29nov2020,.082338899,.022041203,.014840374,.039162662,.031324871
2020-11-30,29,47.59,303,47.75,47.950001,46.849998,25550,25450,106,1908,19,3,12950,948749,389,47875,540279,63597921,8504,1524424,1,28,1,1,0,1,2020,11,30,30nov2020,.055555556,.023969097,.014917925,.045743179,.031405304
2020-12-01,37,47.419998,31369,47.700001,48.299999,46.889999,26350,26250,51,1513,19,3,13321,962070,371,48246,483614,64081535,8544,1532968,0,37,1,0,0,1,2020,12,1,01dec2020,.033707865,.027544694,.015013217,.043422285,.031472281
2020-12-02,23,48.25,34530,47.139999,48.52,47.790001,25950,25850,105,2447,19,3,13881,975951,382,48628,545722,64627257,10685,1543653,0,23,2,0,0,1,2020,12,2,02dec2020,.042909686,.025436027,.015101229,.035751052,.031501897
2020-12-03,35,48.709999,44,48.080002,48.82,48.709999,26100,26000,34,856,19,3,13621,989572,362,48990,639570,65266827,12298,1555951,0,35,8,0,0,0,2020,12,3,03dec2020,.039719626,.021297121,.015161945,.029435681,.031485569
2020-12-04,11,49.25,25,48.82,49.080002,49.049999,26100,26000,64,2164,19,3,13922,1003494,358,49348,667272,65934099,12512,1568463,0,11,1,0,0,0,2020,12,4,04dec2020,.029574862,.020864055,.015219651,.028612532,.031462647
2020-12-05,17,49.25,25,48.82,49.080002,49.049999,25850,25750,26,962,19,3,13341,1016835,347,49695,674878,66608977,12578,1581041,0,17,0,0,0,0,2020,12,5,05dec2020,.027027028,.019768016,.015265735,.027587852,.031431824
2020-12-06,30,49.25,25,48.82,49.080002,49.049999,26000,25950,40,1123,20,3,12151,1028986,321,50016,665960,67274937,10924,1591965,0,30,1,0,0,1,2020,12,6,06dec2020,.035618879,.01824584,.015295235,.02938484,.031417776
2020-12-07,29,48.790001,206,49.23,48.759998,48.599998,25950,25850,90,2255,20,3,11561,1040547,294,50310,592910,67867847,9426,1601391,0,29,1,0,0,0,2020,12,7,07dec2020,.039911307,.019498743,.015331958,.031190325,.031416439
2020-12-08,10,48.84,25625,48.68,49,48.110001,26200,26100,112,2535,20,3,10827,1051374,284,50594,521480,68389327,8383,1609774,0,10,0,0,0,1,2020,12,8,08dec2020,.044181459,.020762062,.015373364,.033878088,.031429257
2020-12-09,2,48.860001,14021,48.830002,49.540001,48.380001,26450,26350,78,2076,20,3,11023,1062397,323,50917,576360,68965687,10950,1620724,0,2,0,0,0,0,2020,12,9,09dec2020,.037572253,.019125199,.015404719,.029497717,.031416208
2020-12-10,41,50.25,30075,48.98,51.07,48.860001,26250,26150,51,2043,20,3,10223,1072620,295,51212,671133,69636820,11809,1632533,0,41,1,0,1,1,2020,12,10,10dec2020,.024963289,.01523245,.015403058,.024980947,.031369656
2020-12-11,17,49.970001,199,50.34,50.029999,49.880001,26250,26150,52,1705,20,3,10403,1083023,284,51496,679186,70316006,13116,1645649,0,17,1,0,0,0,2020,12,11,11dec2020,.030498534,.015316864,.015402226,.021652943,.031292215
2020-12-12,2,49.970001,199,50.34,50.029999,49.880001,26050,25950,73,1064,20,3,9594,1092617,232,51728,665550,70981556,12332,1657981,0,2,0,0,0,1,2020,12,12,12dec2020,.068609022,.014415145,.01539297,.018812845,.031199392
2020-12-13,16,49.970001,199,50.34,50.029999,49.880001,25950,25850,73,1150,20,2,8201,1100818,221,51949,697928,71679484,11586,1669567,0,16,0,0,0,1,2020,12,13,13dec2020,.063478261,.011750496,.015357505,.019074745,.031115253
2020-12-14,34,50.290001,169,50.060001,50.389999,50.240002,25950,25850,109,2028,20,2,7451,1108269,247,52196,606461,72285945,9425,1678992,0,34,1,0,0,1,2020,12,14,14dec2020,.053747535,.012286033,.015331736,.026206896,.0310877
2020-12-15,2,50.759998,22900,50.330002,50.880001,49.790001,26100,26000,63,1765,20,2,7501,1115770,251,52447,527209,72813154,9179,1688171,0,2,0,0,0,1,2020,12,15,15dec2020,.035694052,.014227754,.015323742,.027345026,.031067351
2020-12-16,62,51.080002,144,50.720001,51.130001,50.990002,25900,25800,64,2227,20,2,7704,1123474,223,52670,617564,73430718,11914,1700085,0,62,3,0,1,0,2020,12,16,16dec2020,.028738214,.01247482,.015299782,.018717475,.030980803
2020-12-17,51,51.5,9423,51.080002,51.880001,51.009998,25950,25850,26,1930,20,2,7603,1131077,213,52883,662858,74093576,12809,1712894,4,50,9,4,0,1,2020,12,17,17dec2020,.013471503,.011470028,.015265521,.016628932,.030873481
2020-12-18,80,52.259998,556,51.450001,52.349998,52.080002,25950,25850,33,1875,20,2,7453,1138530,212,53095,735165,74828741,13076,1725970,1,80,11,1,0,1,2020,12,18,18dec2020,.0176,.010137861,.015215143,.016212909,.030762412
2020-12-19,303,52.259998,556,51.450001,52.349998,52.080002,25650,25550,25,1081,20,2,7121,1145651,178,53273,723605,75552346,13624,1739594,0,303,9,0,0,1,2020,12,19,19dec2020,.023126734,.0098410044,.015163672,.013065179,.030623812
2020-12-20,15,52.259998,556,51.450001,52.349998,52.080002,25720,25620,27,967,19,3,6421,1152072,175,53448,689647,76241993,11259,1750853,0,15,1,0,0,0,2020,12,20,20dec2020,.027921407,.0093105603,.015110727,.015543121,.030526835
2020-12-21,19,50.91,95,52.310001,50.869999,50.689999,25750,25650,55,1518,19,3,6312,1158384,177,53625,587818,76829811,9709,1760562,3,19,2,3,0,0,2020,12,21,21dec2020,.036231883,.010738018,.015077272,.018230507,.030459024
2020-12-22,349,50.080002,21329,50.900002,50.93,49.560001,25830,25730,67,2040,19,3,6151,1164535,191,53816,548621,77378432,9555,1770117,2,349,78,2,0,1,2020,12,22,22dec2020,.032843139,.011211747,.015049865,.019989533,.030402509
2020-12-23,72,51.200001,114,49.799999,51.189999,51.099998,26050,25950,60,1798,19,3,6208,1170743,187,54003,595158,77973590,11900,1782017,2,72,13,2,0,0,2020,12,23,23dec2020,.033370413,.010430844,.015014609,.015714286,.030304424
2020-12-24,130,51.290001,618,51.099998,51.389999,51.130001,26050,25950,51,1635,19,3,6261,1177004,153,54156,670662,78644252,13544,1795561,0,130,9,0,0,0,2020,12,24,24dec2020,.03119266,.0093355523,.01496618,.011296515,.030161047
2020-12-25,6,51.290001,618,51.099998,51.389999,51.130001,26050,25950,19,1033,19,3,6178,1183182,152,54308,684776,79329028,12248,1807809,0,6,1,0,0,0,2020,12,25,25dec2020,.01839303,.0090219285,.014914868,.012410189,.030040784
2020-12-26,32,51.290001,618,51.099998,51.389999,51.130001,25750,25650,12,796,19,3,6021,1189203,132,54440,596338,79925366,10660,1818469,0,32,1,0,0,1,2020,12,26,26dec2020,.015075377,.010096623,.014878918,.012382739,.029937271
2020-12-27,49,51.290001,618,51.099998,51.389999,51.130001,25900,25800,22,784,18,3,5760,1194963,134,54574,438591,80363957,8246,1826715,2,49,6,2,0,0,2020,12,27,27dec2020,.028061224,.013132964,.01486939,.016250303,.029875487
